--
-- PostgreSQL database dump
--

\restrict 1IpDmXYtso8PV45r7MdXFyZQfNtzUddquGGWIOa2LEXvCGr7rKaz5aLMz9RXybZ

-- Dumped from database version 16.10 (Debian 16.10-1.pgdg12+1)
-- Dumped by pg_dump version 16.10 (Debian 16.10-1.pgdg12+1)

SET statement_timeout = 0;
SET lock_timeout = 0;
SET idle_in_transaction_session_timeout = 0;
SET client_encoding = 'UTF8';
SET standard_conforming_strings = on;
SELECT pg_catalog.set_config('search_path', '', false);
SET check_function_bodies = false;
SET xmloption = content;
SET client_min_messages = warning;
SET row_security = off;

--
-- Name: btree_gist; Type: EXTENSION; Schema: -; Owner: -
--

CREATE EXTENSION IF NOT EXISTS btree_gist WITH SCHEMA public;


--
-- Name: EXTENSION btree_gist; Type: COMMENT; Schema: -; Owner: -
--

COMMENT ON EXTENSION btree_gist IS 'support for indexing common datatypes in GiST';


--
-- Name: pg_trgm; Type: EXTENSION; Schema: -; Owner: -
--

CREATE EXTENSION IF NOT EXISTS pg_trgm WITH SCHEMA public;


--
-- Name: EXTENSION pg_trgm; Type: COMMENT; Schema: -; Owner: -
--

COMMENT ON EXTENSION pg_trgm IS 'text similarity measurement and index searching based on trigrams';


--
-- Name: pgcrypto; Type: EXTENSION; Schema: -; Owner: -
--

CREATE EXTENSION IF NOT EXISTS pgcrypto WITH SCHEMA public;


--
-- Name: EXTENSION pgcrypto; Type: COMMENT; Schema: -; Owner: -
--

COMMENT ON EXTENSION pgcrypto IS 'cryptographic functions';


--
-- Name: unaccent; Type: EXTENSION; Schema: -; Owner: -
--

CREATE EXTENSION IF NOT EXISTS unaccent WITH SCHEMA public;


--
-- Name: EXTENSION unaccent; Type: COMMENT; Schema: -; Owner: -
--

COMMENT ON EXTENSION unaccent IS 'text search dictionary that removes accents';


--
-- Name: set_services_slug(); Type: FUNCTION; Schema: public; Owner: -
--

CREATE FUNCTION public.set_services_slug() RETURNS trigger
    LANGUAGE plpgsql
    AS $$
BEGIN
    IF TG_OP = 'INSERT'
        OR (TG_OP = 'UPDATE' AND (NEW.name IS DISTINCT FROM OLD.name OR NEW.slug IS NULL OR NEW.slug = '')) THEN
        NEW.slug := public.slugify_service_name(NEW.name);
    END IF;
    RETURN NEW;
END;
$$;


--
-- Name: set_updated_at(); Type: FUNCTION; Schema: public; Owner: -
--

CREATE FUNCTION public.set_updated_at() RETURNS trigger
    LANGUAGE plpgsql
    AS $$
BEGIN
    NEW.updated_at = now();
    RETURN NEW;
END;
$$;


--
-- Name: slugify_service_name(text); Type: FUNCTION; Schema: public; Owner: -
--

CREATE FUNCTION public.slugify_service_name(p_name text) RETURNS text
    LANGUAGE sql STABLE
    AS $$
SELECT lower(
               regexp_replace(
                       unaccent(coalesce(p_name, '')),
                       '[^a-z0-9]+', '-', 'g'
               )
       )
$$;


SET default_tablespace = '';

SET default_table_access_method = heap;

--
-- Name: admins; Type: TABLE; Schema: public; Owner: -
--

CREATE TABLE public.admins (
    id bigint NOT NULL,
    email character varying(255) NOT NULL,
    password_hash character varying(255) NOT NULL,
    name character varying(255) NOT NULL,
    role character varying(50) DEFAULT 'admin'::character varying NOT NULL,
    created_at timestamp with time zone DEFAULT now() NOT NULL,
    updated_at timestamp with time zone DEFAULT now() NOT NULL
);


--
-- Name: admins_id_seq; Type: SEQUENCE; Schema: public; Owner: -
--

ALTER TABLE public.admins ALTER COLUMN id ADD GENERATED BY DEFAULT AS IDENTITY (
    SEQUENCE NAME public.admins_id_seq
    START WITH 1
    INCREMENT BY 1
    NO MINVALUE
    NO MAXVALUE
    CACHE 1
);


--
-- Name: analysis_reports; Type: TABLE; Schema: public; Owner: -
--

CREATE TABLE public.analysis_reports (
    id bigint NOT NULL,
    appointment_id bigint,
    client_id bigint,
    report_data jsonb,
    recommendations text,
    file_path character varying(500),
    created_at timestamp with time zone DEFAULT now() NOT NULL
);


--
-- Name: analysis_reports_id_seq; Type: SEQUENCE; Schema: public; Owner: -
--

ALTER TABLE public.analysis_reports ALTER COLUMN id ADD GENERATED BY DEFAULT AS IDENTITY (
    SEQUENCE NAME public.analysis_reports_id_seq
    START WITH 1
    INCREMENT BY 1
    NO MINVALUE
    NO MAXVALUE
    CACHE 1
);


--
-- Name: appointment_candidates; Type: TABLE; Schema: public; Owner: -
--

CREATE TABLE public.appointment_candidates (
    id bigint NOT NULL,
    request_id bigint NOT NULL,
    coach_id bigint NOT NULL,
    email_sent_at timestamp with time zone,
    decision text DEFAULT 'pending'::text NOT NULL,
    decision_token uuid DEFAULT gen_random_uuid() NOT NULL,
    decided_at timestamp with time zone,
    CONSTRAINT appointment_candidates_decision_check CHECK ((decision = ANY (ARRAY['pending'::text, 'accepted'::text, 'declined'::text, 'expired'::text])))
);


--
-- Name: appointment_candidates_id_seq; Type: SEQUENCE; Schema: public; Owner: -
--

ALTER TABLE public.appointment_candidates ALTER COLUMN id ADD GENERATED BY DEFAULT AS IDENTITY (
    SEQUENCE NAME public.appointment_candidates_id_seq
    START WITH 1
    INCREMENT BY 1
    NO MINVALUE
    NO MAXVALUE
    CACHE 1
);


--
-- Name: appointment_request_supplements; Type: TABLE; Schema: public; Owner: -
--

CREATE TABLE public.appointment_request_supplements (
    request_id integer NOT NULL,
    supplement_id integer NOT NULL,
    price_at_booking numeric(10,2) NOT NULL
);


--
-- Name: appointment_requests; Type: TABLE; Schema: public; Owner: -
--

CREATE TABLE public.appointment_requests (
    id bigint NOT NULL,
    service_id bigint NOT NULL,
    customer_name text NOT NULL,
    customer_email text NOT NULL,
    timezone text DEFAULT 'Europe/Paris'::text NOT NULL,
    starts_at timestamp with time zone NOT NULL,
    ends_at timestamp with time zone NOT NULL,
    status text DEFAULT 'pending'::text NOT NULL,
    created_at timestamp with time zone DEFAULT now() NOT NULL,
    CONSTRAINT appointment_requests_status_check CHECK ((status = ANY (ARRAY['pending'::text, 'matched'::text, 'accepted'::text, 'cancelled'::text, 'expired'::text]))),
    CONSTRAINT chk_appt_req_time_order CHECK ((ends_at > starts_at))
);


--
-- Name: appointment_requests_id_seq; Type: SEQUENCE; Schema: public; Owner: -
--

ALTER TABLE public.appointment_requests ALTER COLUMN id ADD GENERATED BY DEFAULT AS IDENTITY (
    SEQUENCE NAME public.appointment_requests_id_seq
    START WITH 1
    INCREMENT BY 1
    NO MINVALUE
    NO MAXVALUE
    CACHE 1
);


--
-- Name: appointments; Type: TABLE; Schema: public; Owner: -
--

CREATE TABLE public.appointments (
    id bigint NOT NULL,
    client_id bigint NOT NULL,
    service_id bigint NOT NULL,
    coach_id bigint NOT NULL,
    starts_at timestamp with time zone NOT NULL,
    ends_at timestamp with time zone NOT NULL,
    notes text,
    price numeric(10,2),
    payment_status text DEFAULT 'pending'::text NOT NULL,
    status text DEFAULT 'scheduled'::text NOT NULL,
    created_at timestamp with time zone DEFAULT now() NOT NULL,
    updated_at timestamp with time zone DEFAULT now() NOT NULL,
    slot tstzrange GENERATED ALWAYS AS (tstzrange(starts_at, ends_at, '[)'::text)) STORED,
    CONSTRAINT appointments_payment_status_check CHECK ((payment_status = ANY (ARRAY['pending'::text, 'paid'::text, 'refunded'::text]))),
    CONSTRAINT appointments_status_check CHECK ((status = ANY (ARRAY['scheduled'::text, 'completed'::text, 'cancelled'::text, 'no_show'::text])))
);


--
-- Name: appointments_id_seq; Type: SEQUENCE; Schema: public; Owner: -
--

ALTER TABLE public.appointments ALTER COLUMN id ADD GENERATED BY DEFAULT AS IDENTITY (
    SEQUENCE NAME public.appointments_id_seq
    START WITH 1
    INCREMENT BY 1
    NO MINVALUE
    NO MAXVALUE
    CACHE 1
);


--
-- Name: clients; Type: TABLE; Schema: public; Owner: -
--

CREATE TABLE public.clients (
    id bigint NOT NULL,
    first_name character varying(255) NOT NULL,
    last_name character varying(255) NOT NULL,
    email character varying(255) NOT NULL,
    phone character varying(20),
    date_of_birth date,
    address text,
    city character varying(255),
    postal_code character varying(10),
    emergency_contact character varying(255),
    emergency_phone character varying(20),
    medical_notes text,
    running_experience character varying(50),
    goals text,
    created_at timestamp with time zone DEFAULT now() NOT NULL,
    updated_at timestamp with time zone DEFAULT now() NOT NULL
);


--
-- Name: clients_id_seq; Type: SEQUENCE; Schema: public; Owner: -
--

ALTER TABLE public.clients ALTER COLUMN id ADD GENERATED BY DEFAULT AS IDENTITY (
    SEQUENCE NAME public.clients_id_seq
    START WITH 1
    INCREMENT BY 1
    NO MINVALUE
    NO MAXVALUE
    CACHE 1
);


--
-- Name: coach_availability_exceptions; Type: TABLE; Schema: public; Owner: -
--

CREATE TABLE public.coach_availability_exceptions (
    id bigint NOT NULL,
    coach_id bigint NOT NULL,
    date date NOT NULL,
    start_minute integer,
    end_minute integer,
    note text,
    is_available boolean DEFAULT false NOT NULL,
    created_at timestamp with time zone DEFAULT now() NOT NULL,
    CONSTRAINT coach_availability_exceptions_check CHECK ((((end_minute >= 1) AND (end_minute <= 1440)) AND (end_minute > start_minute))),
    CONSTRAINT coach_availability_exceptions_start_minute_check CHECK (((start_minute >= 0) AND (start_minute <= 1439)))
);


--
-- Name: coach_availability_exceptions_id_seq; Type: SEQUENCE; Schema: public; Owner: -
--

ALTER TABLE public.coach_availability_exceptions ALTER COLUMN id ADD GENERATED BY DEFAULT AS IDENTITY (
    SEQUENCE NAME public.coach_availability_exceptions_id_seq
    START WITH 1
    INCREMENT BY 1
    NO MINVALUE
    NO MAXVALUE
    CACHE 1
);


--
-- Name: coach_availability_rules; Type: TABLE; Schema: public; Owner: -
--

CREATE TABLE public.coach_availability_rules (
    id bigint NOT NULL,
    coach_id bigint NOT NULL,
    weekday integer NOT NULL,
    start_minute integer NOT NULL,
    end_minute integer NOT NULL,
    is_active boolean DEFAULT true NOT NULL,
    created_at timestamp with time zone DEFAULT now() NOT NULL,
    CONSTRAINT coach_availability_rules_check CHECK ((((end_minute >= 1) AND (end_minute <= 1440)) AND (end_minute > start_minute))),
    CONSTRAINT coach_availability_rules_start_minute_check CHECK (((start_minute >= 0) AND (start_minute <= 1439))),
    CONSTRAINT coach_availability_rules_weekday_check CHECK (((weekday >= 0) AND (weekday <= 6)))
);


--
-- Name: coach_availability_rules_id_seq; Type: SEQUENCE; Schema: public; Owner: -
--

ALTER TABLE public.coach_availability_rules ALTER COLUMN id ADD GENERATED BY DEFAULT AS IDENTITY (
    SEQUENCE NAME public.coach_availability_rules_id_seq
    START WITH 1
    INCREMENT BY 1
    NO MINVALUE
    NO MAXVALUE
    CACHE 1
);


--
-- Name: coach_services; Type: TABLE; Schema: public; Owner: -
--

CREATE TABLE public.coach_services (
    coach_id bigint NOT NULL,
    service_id bigint NOT NULL
);


--
-- Name: coaches; Type: TABLE; Schema: public; Owner: -
--

CREATE TABLE public.coaches (
    id bigint NOT NULL,
    first_name character varying(255) NOT NULL,
    last_name character varying(255) NOT NULL,
    email character varying(255) NOT NULL,
    phone character varying(20),
    timezone text DEFAULT 'Europe/Paris'::text NOT NULL,
    is_active boolean DEFAULT true NOT NULL,
    created_at timestamp with time zone DEFAULT now() NOT NULL,
    updated_at timestamp with time zone DEFAULT now() NOT NULL,
    city character varying(255),
    address text,
    status text,
    postal_code character varying(10),
    date_of_birth date,
    goals text,
    coach_type text DEFAULT 'general'::text NOT NULL
);


--
-- Name: coaches_id_seq; Type: SEQUENCE; Schema: public; Owner: -
--

ALTER TABLE public.coaches ALTER COLUMN id ADD GENERATED BY DEFAULT AS IDENTITY (
    SEQUENCE NAME public.coaches_id_seq
    START WITH 1
    INCREMENT BY 1
    NO MINVALUE
    NO MAXVALUE
    CACHE 1
);


--
-- Name: email_outbox; Type: TABLE; Schema: public; Owner: -
--

CREATE TABLE public.email_outbox (
    id bigint NOT NULL,
    to_email text NOT NULL,
    subject text NOT NULL,
    html text NOT NULL,
    created_at timestamp with time zone DEFAULT now() NOT NULL,
    sent_at timestamp with time zone
);


--
-- Name: email_outbox_id_seq; Type: SEQUENCE; Schema: public; Owner: -
--

ALTER TABLE public.email_outbox ALTER COLUMN id ADD GENERATED BY DEFAULT AS IDENTITY (
    SEQUENCE NAME public.email_outbox_id_seq
    START WITH 1
    INCREMENT BY 1
    NO MINVALUE
    NO MAXVALUE
    CACHE 1
);


--
-- Name: service_items; Type: TABLE; Schema: public; Owner: -
--

CREATE TABLE public.service_items (
    id bigint NOT NULL,
    service_id bigint NOT NULL,
    icon character varying(64),
    title character varying(255) NOT NULL,
    description text NOT NULL,
    sort_order integer DEFAULT 0 NOT NULL,
    is_active boolean DEFAULT true NOT NULL,
    created_at timestamp with time zone DEFAULT now() NOT NULL
);


--
-- Name: service_items_id_seq; Type: SEQUENCE; Schema: public; Owner: -
--

ALTER TABLE public.service_items ALTER COLUMN id ADD GENERATED BY DEFAULT AS IDENTITY (
    SEQUENCE NAME public.service_items_id_seq
    START WITH 1
    INCREMENT BY 1
    NO MINVALUE
    NO MAXVALUE
    CACHE 1
);


--
-- Name: service_supplements; Type: TABLE; Schema: public; Owner: -
--

CREATE TABLE public.service_supplements (
    service_id integer NOT NULL,
    supplement_id integer NOT NULL
);


--
-- Name: services; Type: TABLE; Schema: public; Owner: -
--

CREATE TABLE public.services (
    id bigint NOT NULL,
    name character varying(255) NOT NULL,
    description text,
    price numeric(10,2) NOT NULL,
    duration_minutes integer NOT NULL,
    is_active boolean DEFAULT true NOT NULL,
    created_at timestamp with time zone DEFAULT now() NOT NULL,
    updated_at timestamp with time zone DEFAULT now() NOT NULL,
    slug text,
    color character varying(32),
    CONSTRAINT services_color_check CHECK (((color IS NULL) OR ((color)::text = ANY ((ARRAY['emerald'::character varying, 'pink'::character varying, 'indigo'::character varying, 'orange'::character varying, 'gray'::character varying])::text[])) OR ((color)::text ~ '^bg-(emerald|pink|indigo|orange|gray)-[0-9]{3}$'::text))),
    CONSTRAINT services_duration_pos CHECK ((duration_minutes > 0)),
    CONSTRAINT services_price_nonneg CHECK ((price >= (0)::numeric))
);


--
-- Name: services_id_seq; Type: SEQUENCE; Schema: public; Owner: -
--

ALTER TABLE public.services ALTER COLUMN id ADD GENERATED BY DEFAULT AS IDENTITY (
    SEQUENCE NAME public.services_id_seq
    START WITH 1
    INCREMENT BY 1
    NO MINVALUE
    NO MAXVALUE
    CACHE 1
);


--
-- Name: supplements; Type: TABLE; Schema: public; Owner: -
--

CREATE TABLE public.supplements (
    id integer NOT NULL,
    name text NOT NULL,
    description text,
    price numeric(10,2) DEFAULT 0 NOT NULL,
    is_active boolean DEFAULT true NOT NULL,
    created_at timestamp with time zone DEFAULT now() NOT NULL,
    updated_at timestamp with time zone DEFAULT now() NOT NULL
);


--
-- Name: supplements_id_seq; Type: SEQUENCE; Schema: public; Owner: -
--

CREATE SEQUENCE public.supplements_id_seq
    AS integer
    START WITH 1
    INCREMENT BY 1
    NO MINVALUE
    NO MAXVALUE
    CACHE 1;


--
-- Name: supplements_id_seq; Type: SEQUENCE OWNED BY; Schema: public; Owner: -
--

ALTER SEQUENCE public.supplements_id_seq OWNED BY public.supplements.id;


--
-- Name: supplements id; Type: DEFAULT; Schema: public; Owner: -
--

ALTER TABLE ONLY public.supplements ALTER COLUMN id SET DEFAULT nextval('public.supplements_id_seq'::regclass);


--
-- Data for Name: admins; Type: TABLE DATA; Schema: public; Owner: -
--

COPY public.admins (id, email, password_hash, name, role, created_at, updated_at) FROM stdin;
1	admin@movi-lab.fr	$2b$12$ZMSJ2dTprpdYnHGRHXsgHuwXMQIlWBhVAYawN9X5L0NwFAzn00Q9S	Administrateur	admin	2025-09-16 07:22:19.261177+00	2025-09-19 13:49:07.346768+00
2	galo.maldonado@humet.fr	$2b$12$7OgOkG.NfIUJGI6GfPtSeuYP/UjGRrXQdSmPH9kys9d.Vazl7KsC.	Galo	admin	2025-09-19 13:47:44.708537+00	2025-09-19 13:50:31.100666+00
\.


--
-- Data for Name: analysis_reports; Type: TABLE DATA; Schema: public; Owner: -
--

COPY public.analysis_reports (id, appointment_id, client_id, report_data, recommendations, file_path, created_at) FROM stdin;
\.


--
-- Data for Name: appointment_candidates; Type: TABLE DATA; Schema: public; Owner: -
--

COPY public.appointment_candidates (id, request_id, coach_id, email_sent_at, decision, decision_token, decided_at) FROM stdin;
1	1	1	\N	pending	0b3076b3-57fd-44a4-b236-7e8e7fb4d3e3	\N
2	2	1	\N	pending	029e8f7d-7897-4498-9e68-8ec703a155a0	\N
3	3	1	\N	pending	e45734ce-ff83-43ff-ad0d-b47e59f77c23	\N
4	4	1	\N	pending	da6f0d00-84b0-42ed-82ad-87bcb8b0f55f	\N
5	5	1	\N	pending	02efdf9b-8328-4fc7-a77f-84e33af20d7d	\N
8	9	1	\N	pending	9391f3bf-ba43-4d73-a947-fbb9f9030ecf	\N
9	9	2	\N	pending	58a9d24b-79e7-477f-9ab3-e94cffa043a1	\N
12	14	1	\N	pending	abb04bfa-d262-4efd-a86a-6df105f8c7f0	\N
13	14	4	\N	pending	4f80eaa3-e921-427d-a351-c5086aac54c8	\N
14	15	1	\N	pending	ccd41229-813f-4153-9216-c5f478e46e92	\N
15	15	2	\N	pending	fb858aab-a20c-4075-8d16-697fa61f665b	\N
16	16	1	\N	pending	11c4dde8-9c80-421f-b9f9-91484205025e	\N
17	16	4	\N	pending	3c8be270-1470-4cc9-8975-30b4bc62385b	\N
18	17	1	\N	pending	f5f09a57-344c-4169-bf0a-4baf7a169356	\N
19	17	4	\N	pending	e84c918a-f70f-4bd8-89d3-3174e01de152	\N
23	19	1	\N	pending	0e53748f-bf2d-4dee-bc0f-1c27105e7652	\N
22	19	2	\N	accepted	92ba252e-30f5-46ba-8e37-2d386de435e9	2025-10-21 09:55:49.028019+00
24	20	2	\N	pending	8dc6ad68-a433-44a1-807f-e76a2b823dde	\N
25	20	1	\N	pending	30f1d8d4-936b-4802-8388-3dad25ca8270	\N
26	22	1	\N	pending	6ffcbf8a-7b96-4d59-8e5a-1c794fe07379	\N
27	22	2	\N	pending	4ff9b96f-9497-449a-931d-60e20e596786	\N
28	23	4	\N	pending	38b28438-8e75-461f-be94-74a2c20304ff	\N
29	23	1	\N	pending	ac3a9a0d-da53-48c3-92ef-da55cbe4bdfb	\N
30	23	2	\N	accepted	a2c828ba-84bc-465b-994e-69e1d7ccb2dd	2025-10-21 10:17:47.539537+00
32	24	1	\N	pending	26aba1dd-3587-4fa4-9c4e-5e473da7a201	\N
31	24	4	\N	accepted	be220c30-be10-43a0-8fbf-93f39c9ba142	2025-10-24 13:04:21.368632+00
\.


--
-- Data for Name: appointment_request_supplements; Type: TABLE DATA; Schema: public; Owner: -
--

COPY public.appointment_request_supplements (request_id, supplement_id, price_at_booking) FROM stdin;
\.


--
-- Data for Name: appointment_requests; Type: TABLE DATA; Schema: public; Owner: -
--

COPY public.appointment_requests (id, service_id, customer_name, customer_email, timezone, starts_at, ends_at, status, created_at) FROM stdin;
1	1	Gaetan Bougoula	oui	Europe/Paris	2025-09-22 12:00:00+00	2025-09-22 13:30:00+00	pending	2025-09-16 09:37:18.675708+00
2	1	Gaetan  Bougoula	efefe	Europe/Paris	2025-09-24 12:00:00+00	2025-09-24 13:30:00+00	accepted	2025-09-16 09:44:55.873446+00
3	1	fefef efef	efef	Europe/Paris	2025-09-17 12:00:00+00	2025-09-17 13:30:00+00	accepted	2025-09-16 09:57:36.852207+00
4	1	efe fefe	efef	Europe/Paris	2025-09-18 12:00:00+00	2025-09-18 13:30:00+00	accepted	2025-09-16 12:05:57.746016+00
5	1	gaetan bougoula	efefefe	Europe/Paris	2025-09-19 08:00:00+00	2025-09-19 09:30:00+00	accepted	2025-09-16 12:11:33.954663+00
6	1	zefefz zfzfzf	fzfzfzzf	Europe/Paris	2025-09-24 12:00:00+00	2025-09-24 13:30:00+00	accepted	2025-09-16 12:20:25.393557+00
7	1	fefefef effefe	fefefe	Europe/Paris	2025-09-16 14:00:00+00	2025-09-16 15:30:00+00	accepted	2025-09-16 13:06:20.864456+00
8	1	BONJOUR  BONSOIR	BONSOIRRR	Europe/Paris	2025-09-29 15:00:00+00	2025-09-29 16:30:00+00	pending	2025-09-16 13:09:11.384149+00
9	1	Galo MALDONADO	galo.maldonado@humet.fr	Europe/Paris	2025-09-19 14:00:00+00	2025-09-19 15:00:00+00	pending	2025-09-19 13:57:25.301475+00
10	1	fefef efef	efe	Europe/Paris	2025-09-19 09:00:00+00	2025-09-19 10:00:00+00	pending	2025-09-19 14:02:30.23037+00
11	1	fe efeff	fefe	Europe/Paris	2025-09-22 09:00:00+00	2025-09-22 10:00:00+00	accepted	2025-09-19 14:05:17.78834+00
14	2	fdsf fsdf	sfdf	Europe/Paris	2025-09-26 12:00:00+00	2025-09-26 13:00:00+00	pending	2025-09-25 11:51:21.516189+00
15	1	dfsqf fsdfsdf	sdfsd	Europe/Paris	2025-09-26 13:00:00+00	2025-09-26 14:00:00+00	pending	2025-09-25 11:53:25.274778+00
16	2	Galo Maldonado	galo.maldonado@humet.fr	Europe/Paris	2025-10-03 12:00:00+00	2025-10-03 13:00:00+00	pending	2025-09-29 07:39:54.348261+00
17	1	fsdq sdfq	sfdf	Europe/Paris	2025-10-03 12:00:00+00	2025-10-03 13:00:00+00	pending	2025-09-30 09:55:52.44084+00
18	5	gazeta bougola	gaetan.bougoul@orange.fr	Europe/Paris	2025-10-04 08:00:00+00	2025-10-04 09:00:00+00	accepted	2025-10-01 09:37:52.773226+00
19	2	Thomas DECKER	thomas.dekker@hotmail.fr	Europe/Paris	2025-10-24 13:00:00+00	2025-10-24 14:00:00+00	matched	2025-10-21 09:53:15.890614+00
20	2	fefef efefef	efefe	Europe/Paris	2025-10-24 14:00:00+00	2025-10-24 15:00:00+00	pending	2025-10-21 09:59:41.145671+00
21	6	fefefe fefe	fefef	Europe/Paris	2025-10-24 13:00:00+00	2025-10-24 14:30:00+00	pending	2025-10-21 10:02:17.82957+00
22	5	sccscscs cscscs	cscs	Europe/Paris	2025-10-31 15:00:00+00	2025-10-31 15:45:00+00	pending	2025-10-21 10:06:15.751752+00
23	5	efefefe fefef	fefefe	Europe/Paris	2025-10-31 14:00:00+00	2025-10-31 14:45:00+00	matched	2025-10-21 10:13:59.068234+00
24	6	pierre bauguil	pierrebauguil@gmail.com	Europe/Paris	2025-10-31 13:00:00+00	2025-10-31 14:30:00+00	matched	2025-10-22 12:59:26.066441+00
\.


--
-- Data for Name: appointments; Type: TABLE DATA; Schema: public; Owner: -
--

COPY public.appointments (id, client_id, service_id, coach_id, starts_at, ends_at, notes, price, payment_status, status, created_at, updated_at) FROM stdin;
4	4	1	1	2025-09-19 08:00:00+00	2025-09-19 09:30:00+00	\N	\N	pending	scheduled	2025-09-16 12:11:39.586032+00	2025-09-16 12:11:39.586032+00
5	5	1	1	2025-09-24 12:00:00+00	2025-09-24 13:30:00+00	\N	\N	pending	scheduled	2025-09-16 12:20:34.197101+00	2025-09-16 12:20:34.197101+00
6	6	1	1	2025-09-16 14:00:00+00	2025-09-16 15:30:00+00	\N	\N	pending	scheduled	2025-09-16 13:06:30.128338+00	2025-09-16 13:06:30.128338+00
7	10	1	1	2025-09-22 09:00:00+00	2025-09-22 10:00:00+00	\N	\N	pending	scheduled	2025-09-19 14:05:53.032559+00	2025-09-19 14:05:53.032559+00
8	15	5	2	2025-10-04 08:00:00+00	2025-10-04 09:00:00+00	\N	\N	pending	scheduled	2025-10-01 09:38:30.819701+00	2025-10-01 09:38:30.819701+00
9	16	2	2	2025-10-24 13:00:00+00	2025-10-24 14:00:00+00	\N	\N	pending	scheduled	2025-10-21 09:55:49.028019+00	2025-10-21 09:55:49.028019+00
10	6	5	2	2025-10-31 14:00:00+00	2025-10-31 14:45:00+00	\N	\N	pending	scheduled	2025-10-21 10:17:47.539537+00	2025-10-21 10:17:47.539537+00
11	19	6	4	2025-10-31 13:00:00+00	2025-10-31 14:30:00+00	\N	\N	pending	scheduled	2025-10-24 13:04:21.368632+00	2025-10-24 13:04:21.368632+00
\.


--
-- Data for Name: clients; Type: TABLE DATA; Schema: public; Owner: -
--

COPY public.clients (id, first_name, last_name, email, phone, date_of_birth, address, city, postal_code, emergency_contact, emergency_phone, medical_notes, running_experience, goals, created_at, updated_at) FROM stdin;
1	Gaetan	Bougoula	oui	non	\N	\N	\N	\N	\N	\N	\N	\N	\N	2025-09-16 09:37:18.605988+00	2025-09-16 09:37:18.605988+00
2	Gaetan 	Bougoula	efefe	eegeg	\N	\N	\N	\N	\N	\N	\N	\N	\N	2025-09-16 09:44:55.805976+00	2025-09-16 09:44:55.805976+00
3	fefef	efef	efef	fefee	\N	\N	\N	\N	\N	\N	\N	\N	\N	2025-09-16 09:57:36.783734+00	2025-09-16 09:57:36.783734+00
4	gaetan	bougoula	efefefe	fefee	\N	\N	\N	\N	\N	\N	\N	\N	\N	2025-09-16 12:11:33.50714+00	2025-09-16 12:11:33.50714+00
5	zefefz	zfzfzf	fzfzfzzf	zfzfzfz	\N	\N	\N	\N	\N	\N	\N	\N	\N	2025-09-16 12:20:25.324699+00	2025-09-16 12:20:25.324699+00
6	fefefef	effefe	fefefe	fee	\N	\N	\N	\N	\N	\N	\N	\N	\N	2025-09-16 13:06:20.792535+00	2025-09-16 13:06:20.792535+00
7	BONJOUR 	BONSOIR	BONSOIRRR	BONJOUR	\N	\N	\N	\N	\N	\N	\N	\N	\N	2025-09-16 13:09:11.151031+00	2025-09-16 13:09:11.151031+00
8	Galo	MALDONADO	galo.maldonado@humet.fr	0753270250	\N	\N	\N	\N	\N	\N	\N	\N	\N	2025-09-19 13:57:24.938961+00	2025-09-19 13:57:24.938961+00
9	fefef	efef	efe	fef	\N	\N	\N	\N	\N	\N	\N	\N	\N	2025-09-19 14:02:30.162032+00	2025-09-19 14:02:30.162032+00
10	fe	efeff	fefe	efe	\N	\N	\N	\N	\N	\N	\N	\N	\N	2025-09-19 14:05:17.714178+00	2025-09-19 14:05:17.714178+00
11	Galo	Maldonado	gal	\N	\N	\N	\N	\N	\N	\N	\N	\N	\N	2025-09-25 11:48:25.595343+00	2025-09-25 11:48:25.595343+00
12	TEst	test	fsdfqd	\N	\N	\N	\N	\N	\N	\N	\N	\N	\N	2025-09-25 11:50:06.250915+00	2025-09-25 11:50:06.250915+00
13	fdsf	fsdf	sfdf	\N	\N	\N	\N	\N	\N	\N	\N	\N	\N	2025-09-25 11:51:21.248731+00	2025-09-25 11:51:21.248731+00
14	dfsqf	fsdfsdf	sdfsd	\N	\N	\N	\N	\N	\N	\N	\N	\N	\N	2025-09-25 11:53:25.010046+00	2025-09-25 11:53:25.010046+00
15	gazeta	bougola	gaetan.bougoul@orange.fr	eegege	\N	\N	\N	\N	\N	\N	\N	\N	\N	2025-10-01 09:37:52.662326+00	2025-10-01 09:37:52.662326+00
16	Thomas	DECKER	thomas.dekker@hotmail.fr	06 78 06 72 76	\N	\N	\N	\N	\N	\N	\N	\N	\N	2025-10-21 09:53:15.383496+00	2025-10-21 09:53:15.383496+00
17	fefefe	fefe	fefef	efefe	\N	\N	\N	\N	\N	\N	\N	\N	\N	2025-10-21 10:02:17.300326+00	2025-10-21 10:02:17.300326+00
18	sccscscs	cscscs	cscs	cscsc	\N	\N	\N	\N	\N	\N	\N	\N	\N	2025-10-21 10:06:15.486767+00	2025-10-21 10:06:15.486767+00
19	pierre	bauguil	pierrebauguil@gmail.com	0676888522	\N	\N	\N	\N	\N	\N	\N	\N	\N	2025-10-22 12:59:25.523703+00	2025-10-22 12:59:25.523703+00
\.


--
-- Data for Name: coach_availability_exceptions; Type: TABLE DATA; Schema: public; Owner: -
--

COPY public.coach_availability_exceptions (id, coach_id, date, start_minute, end_minute, note, is_available, created_at) FROM stdin;
1	1	2025-12-25	\N	\N	Noel	f	2025-09-16 09:36:50.325554+00
\.


--
-- Data for Name: coach_availability_rules; Type: TABLE DATA; Schema: public; Owner: -
--

COPY public.coach_availability_rules (id, coach_id, weekday, start_minute, end_minute, is_active, created_at) FROM stdin;
1	1	1	540	1080	t	2025-09-16 09:36:23.777049+00
2	1	2	540	1080	t	2025-09-16 09:36:25.96996+00
3	1	3	540	1080	t	2025-09-16 09:36:28.143718+00
4	1	4	540	1080	t	2025-09-16 09:36:31.776594+00
5	1	5	540	1080	t	2025-09-16 09:36:35.467946+00
6	1	6	540	1080	t	2025-09-16 09:36:37.459579+00
8	2	6	570	750	t	2025-09-19 13:55:40.710829+00
9	4	5	840	959	t	2025-09-24 07:23:27.283692+00
10	4	6	540	720	t	2025-09-24 07:23:40.019355+00
11	2	5	840	1080	t	2025-10-23 09:03:03.942595+00
\.


--
-- Data for Name: coach_services; Type: TABLE DATA; Schema: public; Owner: -
--

COPY public.coach_services (coach_id, service_id) FROM stdin;
2	1
2	2
2	5
2	6
4	1
4	2
4	5
4	6
1	1
1	2
1	5
1	6
\.


--
-- Data for Name: coaches; Type: TABLE DATA; Schema: public; Owner: -
--

COPY public.coaches (id, first_name, last_name, email, phone, timezone, is_active, created_at, updated_at, city, address, status, postal_code, date_of_birth, goals, coach_type) FROM stdin;
2	Galo	Maldonado	galo.maldonado@humet.fr	0753270250	Europe/Paris	t	2025-09-19 13:54:50.540687+00	2025-10-21 10:01:56.122862+00	Toulouse	\N	\N	\N	\N	\N	Autre
4	Ryan	Saidani	athleat.coaching@gmail.com	0638670359	Europe/Paris	t	2025-09-24 07:19:32.667795+00	2025-10-21 13:04:14.693533+00	Toulouse	\N	\N	\N	\N	\N	Coach sportif
1	Gaetan	Bougoula	gaetan.bougoula@orange.fr	0772306348	Europe/Paris	t	2025-09-16 09:36:18.77997+00	2025-10-21 13:04:30.598754+00	Toulouse	\N	Actif	\N	\N	\N	Autre
\.


--
-- Data for Name: email_outbox; Type: TABLE DATA; Schema: public; Owner: -
--

COPY public.email_outbox (id, to_email, subject, html, created_at, sent_at) FROM stdin;
1	gaetan.bougoula@orange.fr	Nouvelle demande de RDV	\n                <p>Bonjour,</p>\n                <p>Un client souhaite réserver le service <strong>1</strong> le\n                <strong>9/22/2025, 2:00:00 PM</strong>.</p>\n                <p>Souhaitez-vous prendre ce rendez-vous ?</p>\n                <p>\n                  <a href="http://localhost:3000/api/coach/requests/decision?token=0b3076b3-57fd-44a4-b236-7e8e7fb4d3e3&d=accept">✅ Accepter</a> &nbsp; | &nbsp;\n                  <a href="http://localhost:3000/api/coach/requests/decision?token=0b3076b3-57fd-44a4-b236-7e8e7fb4d3e3&d=decline">❌ Refuser</a>\n                </p>\n                <p>Merci.</p>\n              	2025-09-16 09:37:18.81103+00	\N
2	gaetan.bougoula@orange.fr	Nouvelle demande de RDV	\n  <div style="font-family: Arial, sans-serif; max-width:600px; margin:0 auto; padding:20px; background:#f9fafb; border:1px solid #e5e7eb; border-radius:8px;">\n    <h2 style="color:#111827; font-size:20px; margin-bottom:10px;">Nouvelle demande de rendez-vous</h2>\n    <p style="font-size:16px; color:#374151; margin:0 0 10px;">\n      Bonjour,\n    </p>\n    <p style="font-size:16px; color:#374151; margin:0 0 10px;">\n      <strong>Gaetan  Bougoula</strong> souhaite réserver le service \n      <strong style="color:#111827;">undefined</strong> \n      le <strong style="color:#111827;">mercredi 24 septembre 2025 à 14:00</strong>.\n    </p>\n    <p style="font-size:16px; color:#374151; margin:0 0 20px;">\n      Souhaitez-vous accepter ce rendez-vous ?\n    </p>\n    <div style="display:flex; gap:12px; margin-bottom:20px;">\n      <a href="http://localhost:3000/api/coach/requests/decision?token=029e8f7d-7897-4498-9e68-8ec703a155a0&d=accept" \n         style="background:#16a34a; color:#fff; padding:10px 16px; border-radius:6px; text-decoration:none; font-weight:bold; font-size:14px;">\n        ✅ Accepter\n      </a>\n      <a href="http://localhost:3000/api/coach/requests/decision?token=029e8f7d-7897-4498-9e68-8ec703a155a0&d=decline" \n         style="background:#dc2626; color:#fff; padding:10px 16px; border-radius:6px; text-decoration:none; font-weight:bold; font-size:14px;">\n        ❌ Refuser\n      </a>\n    </div>\n    <p style="font-size:14px; color:#6b7280;">\n      Merci de votre réactivité,<br/>\n      L’équipe MoviLab\n    </p>\n  </div>\n	2025-09-16 09:44:55.979878+00	\N
3	gaetan.bougoula@orange.fr	Nouvelle demande de RDV	\n  <div style="font-family: Arial, sans-serif; max-width:600px; margin:0 auto; padding:20px; background:#f9fafb; border:1px solid #e5e7eb; border-radius:8px;">\n    <h2 style="color:#111827; font-size:20px; margin-bottom:10px;">Nouvelle demande de rendez-vous</h2>\n    <p style="font-size:16px; color:#374151; margin:0 0 10px;">\n      Bonjour,\n    </p>\n    <p style="font-size:16px; color:#374151; margin:0 0 10px;">\n      <strong>fefef efef</strong> souhaite réserver le service \n      <strong style="color:#111827;">Bilan performance</strong> \n      le <strong style="color:#111827;">mercredi 17 septembre 2025 à 14:00</strong>.\n    </p>\n    <p style="font-size:16px; color:#374151; margin:0 0 20px;">\n      Souhaitez-vous accepter ce rendez-vous ?\n    </p>\n    <div style="display:flex; gap:12px; margin-bottom:20px;">\n      <a href="http://localhost:3000/api/coach/requests/decision?token=e45734ce-ff83-43ff-ad0d-b47e59f77c23&d=accept" \n         style="background:#16a34a; color:#fff; padding:10px 16px; border-radius:6px; text-decoration:none; font-weight:bold; font-size:14px;">\n        ✅ Accepter\n      </a>\n      <a href="http://localhost:3000/api/coach/requests/decision?token=e45734ce-ff83-43ff-ad0d-b47e59f77c23&d=decline" \n         style="background:#dc2626; color:#fff; padding:10px 16px; border-radius:6px; text-decoration:none; font-weight:bold; font-size:14px;">\n        ❌ Refuser\n      </a>\n    </div>\n    <p style="font-size:14px; color:#6b7280;">\n      Merci de votre réactivité,<br/>\n      L’équipe MoviLab\n    </p>\n  </div>\n	2025-09-16 09:57:36.966845+00	\N
4	gaetan.bougoula@orange.fr	Nouvelle demande de RDV	\n  <div style="font-family: Arial, sans-serif; max-width:600px; margin:0 auto; padding:20px; background:#f9fafb; border:1px solid #e5e7eb; border-radius:8px;">\n    <h2 style="color:#111827; font-size:20px; margin-bottom:10px;">Nouvelle demande de rendez-vous</h2>\n    <p style="font-size:16px; color:#374151; margin:0 0 10px;">\n      Bonjour,\n    </p>\n    <p style="font-size:16px; color:#374151; margin:0 0 10px;">\n      <strong>efe fefe</strong> souhaite réserver le service \n      <strong style="color:#111827;">Bilan performance</strong> \n      le <strong style="color:#111827;">jeudi 18 septembre 2025 à 14:00</strong>.\n    </p>\n    <p style="font-size:16px; color:#374151; margin:0 0 20px;">\n      Souhaitez-vous accepter ce rendez-vous ?\n    </p>\n    <div style="display:flex; gap:12px; margin-bottom:20px;">\n      <a href="http://localhost:3000/api/coach/requests/decision?token=da6f0d00-84b0-42ed-82ad-87bcb8b0f55f&d=accept" \n         style="background:#16a34a; color:#fff; padding:10px 16px; border-radius:6px; text-decoration:none; font-weight:bold; font-size:14px;">\n        ✅ Accepter\n      </a>\n      <a href="http://localhost:3000/api/coach/requests/decision?token=da6f0d00-84b0-42ed-82ad-87bcb8b0f55f&d=decline" \n         style="background:#dc2626; color:#fff; padding:10px 16px; border-radius:6px; text-decoration:none; font-weight:bold; font-size:14px;">\n        ❌ Refuser\n      </a>\n    </div>\n    <p style="font-size:14px; color:#6b7280;">\n      Merci de votre réactivité,<br/>\n      L’équipe MoviLab\n    </p>\n  </div>\n	2025-09-16 12:05:57.852251+00	\N
5	gaetan.bougoula@orange.fr	Nouvelle demande de RDV	\n  <div style="font-family: Arial, sans-serif; max-width:600px; margin:0 auto; padding:20px; background:#f9fafb; border:1px solid #e5e7eb; border-radius:8px;">\n    <h2 style="color:#111827; font-size:20px; margin-bottom:10px;">Nouvelle demande de rendez-vous</h2>\n    <p style="font-size:16px; color:#374151; margin:0 0 10px;">\n      Bonjour,\n    </p>\n    <p style="font-size:16px; color:#374151; margin:0 0 10px;">\n      <strong>gaetan bougoula</strong> souhaite réserver le service \n      <strong style="color:#111827;">Bilan performance</strong> \n      le <strong style="color:#111827;">vendredi 19 septembre 2025 à 10:00</strong>.\n    </p>\n    <p style="font-size:16px; color:#374151; margin:0 0 20px;">\n      Souhaitez-vous accepter ce rendez-vous ?\n    </p>\n    <div style="display:flex; gap:12px; margin-bottom:20px;">\n      <a href="http://localhost:3000/api/coach/requests/decision?token=02efdf9b-8328-4fc7-a77f-84e33af20d7d&d=accept" \n         style="background:#16a34a; color:#fff; padding:10px 16px; border-radius:6px; text-decoration:none; font-weight:bold; font-size:14px;">\n        ✅ Accepter\n      </a>\n      <a href="http://localhost:3000/api/coach/requests/decision?token=02efdf9b-8328-4fc7-a77f-84e33af20d7d&d=decline" \n         style="background:#dc2626; color:#fff; padding:10px 16px; border-radius:6px; text-decoration:none; font-weight:bold; font-size:14px;">\n        ❌ Refuser\n      </a>\n    </div>\n    <p style="font-size:14px; color:#6b7280;">\n      Merci de votre réactivité,<br/>\n      L’équipe MoviLab\n    </p>\n  </div>\n	2025-09-16 12:11:34.344439+00	\N
6	gaetan.bougoula@orange.fr	Nouvelle demande de RDV	\n  <div style="font-family: Arial, sans-serif; max-width:600px; margin:0 auto; padding:20px; background:#f9fafb; border:1px solid #e5e7eb; border-radius:8px;">\n    <h2 style="color:#111827; font-size:20px; margin-bottom:10px;">Nouvelle demande de rendez-vous</h2>\n    <p style="font-size:16px; color:#374151; margin:0 0 10px;">\n      Bonjour,\n    </p>\n    <p style="font-size:16px; color:#374151; margin:0 0 10px;">\n      <strong>zefefz zfzfzf</strong> souhaite réserver le service \n      <strong style="color:#111827;">Bilan performance</strong> \n      le <strong style="color:#111827;">mercredi 24 septembre 2025 à 14:00</strong>.\n    </p>\n    <p style="font-size:16px; color:#374151; margin:0 0 20px;">\n      Souhaitez-vous accepter ce rendez-vous ?\n    </p>\n    <div style="display:flex; gap:12px; margin-bottom:20px;">\n      <a href="http://localhost:3000/api/coach/requests/decision?token=8e7abcd0-a35f-42dc-902a-8a6c1d3f1313&d=accept" \n         style="background:#16a34a; color:#fff; padding:10px 16px; border-radius:6px; text-decoration:none; font-weight:bold; font-size:14px;">\n        ✅ Accepter\n      </a>\n      <a href="http://localhost:3000/api/coach/requests/decision?token=8e7abcd0-a35f-42dc-902a-8a6c1d3f1313&d=decline" \n         style="background:#dc2626; color:#fff; padding:10px 16px; border-radius:6px; text-decoration:none; font-weight:bold; font-size:14px;">\n        ❌ Refuser\n      </a>\n    </div>\n    <p style="font-size:14px; color:#6b7280;">\n      Merci de votre réactivité,<br/>\n      L’équipe MoviLab\n    </p>\n  </div>\n	2025-09-16 12:20:25.503797+00	\N
7	gaetan.bougoula@orange.fr	Nouvelle demande de RDV	\n  <div style="font-family: Arial, sans-serif; max-width:600px; margin:0 auto; padding:20px; background:#f9fafb; border:1px solid #e5e7eb; border-radius:8px;">\n    <h2 style="color:#111827; font-size:20px; margin-bottom:10px;">Nouvelle demande de rendez-vous</h2>\n    <p style="font-size:16px; color:#374151; margin:0 0 10px;">\n      Bonjour,\n    </p>\n    <p style="font-size:16px; color:#374151; margin:0 0 10px;">\n      <strong>fefefef effefe</strong> souhaite réserver le service \n      <strong style="color:#111827;">Bilan performance</strong> \n      le <strong style="color:#111827;">mardi 16 septembre 2025 à 16:00</strong>.\n    </p>\n    <p style="font-size:16px; color:#374151; margin:0 0 20px;">\n      Souhaitez-vous accepter ce rendez-vous ?\n    </p>\n    <div style="display:flex; gap:12px; margin-bottom:20px;">\n      <a href="http://localhost:3000/api/coach/requests/decision?token=e202526e-0fd6-4032-96ae-f764e271472b&d=accept" \n         style="background:#16a34a; color:#fff; padding:10px 16px; border-radius:6px; text-decoration:none; font-weight:bold; font-size:14px;">\n        ✅ Accepter\n      </a>\n      <a href="http://localhost:3000/api/coach/requests/decision?token=e202526e-0fd6-4032-96ae-f764e271472b&d=decline" \n         style="background:#dc2626; color:#fff; padding:10px 16px; border-radius:6px; text-decoration:none; font-weight:bold; font-size:14px;">\n        ❌ Refuser\n      </a>\n    </div>\n    <p style="font-size:14px; color:#6b7280;">\n      Merci de votre réactivité,<br/>\n      L’équipe MoviLab\n    </p>\n  </div>\n	2025-09-16 13:06:20.979336+00	\N
8	gaetan.bougoula@orange.fr	Nouvelle demande de RDV	\n  <div style="font-family: Arial, sans-serif; max-width:600px; margin:0 auto; padding:20px; background:#f9fafb; border:1px solid #e5e7eb; border-radius:8px;">\n    <h2 style="color:#111827; font-size:20px; margin-bottom:10px;">Nouvelle demande de rendez-vous</h2>\n    <p style="font-size:16px; color:#374151; margin:0 0 10px;">\n      Bonjour,\n    </p>\n    <p style="font-size:16px; color:#374151; margin:0 0 10px;">\n      <strong>Galo MALDONADO</strong> souhaite réserver le service \n      <strong style="color:#111827;">Pack performance</strong> \n      le <strong style="color:#111827;">vendredi 19 septembre 2025 à 14:00</strong>.\n    </p>\n    <p style="font-size:16px; color:#374151; margin:0 0 20px;">\n      Souhaitez-vous accepter ce rendez-vous ?\n    </p>\n    <div style="display:flex; gap:12px; margin-bottom:20px;">\n      <a href="http://localhost:3000/api/coach/requests/decision?token=9391f3bf-ba43-4d73-a947-fbb9f9030ecf&d=accept" \n         style="background:#16a34a; color:#fff; padding:10px 16px; border-radius:6px; text-decoration:none; font-weight:bold; font-size:14px;">\n        ✅ Accepter\n      </a>\n      <a href="http://localhost:3000/api/coach/requests/decision?token=9391f3bf-ba43-4d73-a947-fbb9f9030ecf&d=decline" \n         style="background:#dc2626; color:#fff; padding:10px 16px; border-radius:6px; text-decoration:none; font-weight:bold; font-size:14px;">\n        ❌ Refuser\n      </a>\n    </div>\n    <p style="font-size:14px; color:#6b7280;">\n      Merci de votre réactivité,<br/>\n      L’équipe MoviLab\n    </p>\n  </div>\n	2025-09-19 13:57:25.874313+00	\N
9	galo.maldonado@humet.fr	Nouvelle demande de RDV	\n  <div style="font-family: Arial, sans-serif; max-width:600px; margin:0 auto; padding:20px; background:#f9fafb; border:1px solid #e5e7eb; border-radius:8px;">\n    <h2 style="color:#111827; font-size:20px; margin-bottom:10px;">Nouvelle demande de rendez-vous</h2>\n    <p style="font-size:16px; color:#374151; margin:0 0 10px;">\n      Bonjour,\n    </p>\n    <p style="font-size:16px; color:#374151; margin:0 0 10px;">\n      <strong>Galo MALDONADO</strong> souhaite réserver le service \n      <strong style="color:#111827;">Pack performance</strong> \n      le <strong style="color:#111827;">vendredi 19 septembre 2025 à 14:00</strong>.\n    </p>\n    <p style="font-size:16px; color:#374151; margin:0 0 20px;">\n      Souhaitez-vous accepter ce rendez-vous ?\n    </p>\n    <div style="display:flex; gap:12px; margin-bottom:20px;">\n      <a href="http://localhost:3000/api/coach/requests/decision?token=58a9d24b-79e7-477f-9ab3-e94cffa043a1&d=accept" \n         style="background:#16a34a; color:#fff; padding:10px 16px; border-radius:6px; text-decoration:none; font-weight:bold; font-size:14px;">\n        ✅ Accepter\n      </a>\n      <a href="http://localhost:3000/api/coach/requests/decision?token=58a9d24b-79e7-477f-9ab3-e94cffa043a1&d=decline" \n         style="background:#dc2626; color:#fff; padding:10px 16px; border-radius:6px; text-decoration:none; font-weight:bold; font-size:14px;">\n        ❌ Refuser\n      </a>\n    </div>\n    <p style="font-size:14px; color:#6b7280;">\n      Merci de votre réactivité,<br/>\n      L’équipe MoviLab\n    </p>\n  </div>\n	2025-09-19 13:57:25.874313+00	\N
10	gaetan.bougoula@orange.fr	Nouvelle demande de RDV	\n  <div style="font-family: Arial, sans-serif; max-width:600px; margin:0 auto; padding:20px; background:#f9fafb; border:1px solid #e5e7eb; border-radius:8px;">\n    <h2 style="color:#111827; font-size:20px; margin-bottom:10px;">Nouvelle demande de rendez-vous</h2>\n    <p style="font-size:16px; color:#374151; margin:0 0 10px;">\n      Bonjour,\n    </p>\n    <p style="font-size:16px; color:#374151; margin:0 0 10px;">\n      <strong>fe efeff</strong> souhaite réserver le service \n      <strong style="color:#111827;">Pack performance</strong> \n      le <strong style="color:#111827;">lundi 22 septembre 2025 à 11:00</strong>.\n    </p>\n    <p style="font-size:16px; color:#374151; margin:0 0 20px;">\n      Souhaitez-vous accepter ce rendez-vous ?\n    </p>\n    <div style="display:flex; gap:12px; margin-bottom:20px;">\n      <a href="http://localhost:3000/api/coach/requests/decision?token=4846ce44-0144-4880-8b61-639a548627e8&d=accept" \n         style="background:#16a34a; color:#fff; padding:10px 16px; border-radius:6px; text-decoration:none; font-weight:bold; font-size:14px;">\n        ✅ Accepter\n      </a>\n      <a href="http://localhost:3000/api/coach/requests/decision?token=4846ce44-0144-4880-8b61-639a548627e8&d=decline" \n         style="background:#dc2626; color:#fff; padding:10px 16px; border-radius:6px; text-decoration:none; font-weight:bold; font-size:14px;">\n        ❌ Refuser\n      </a>\n    </div>\n    <p style="font-size:14px; color:#6b7280;">\n      Merci de votre réactivité,<br/>\n      L’équipe MoviLab\n    </p>\n  </div>\n	2025-09-19 14:05:17.94399+00	\N
11	galo.maldonado@humet.fr	Nouvelle demande de RDV	\n  <div style="font-family: Arial, sans-serif; max-width:600px; margin:0 auto; padding:20px; background:#f9fafb; border:1px solid #e5e7eb; border-radius:8px;">\n    <h2 style="color:#111827; font-size:20px; margin-bottom:10px;">Nouvelle demande de rendez-vous</h2>\n    <p style="font-size:16px; color:#374151; margin:0 0 10px;">\n      Bonjour,\n    </p>\n    <p style="font-size:16px; color:#374151; margin:0 0 10px;">\n      <strong>TEst test</strong> souhaite réserver le service \n      <strong style="color:#111827;">Pack Initial </strong> \n      le <strong style="color:#111827;">vendredi 26 septembre 2025 à 13:00</strong>.\n    </p>\n    <p style="font-size:16px; color:#374151; margin:0 0 20px;">\n      Souhaitez-vous accepter ce rendez-vous ?\n    </p>\n    <div style="display:flex; gap:12px; margin-bottom:20px;">\n      <a href="http://movilab.fr//api/coach/requests/decision?token=20b498fc-8147-480f-8ed1-11c1001178b4&d=accept" \n         style="background:#16a34a; color:#fff; padding:10px 16px; border-radius:6px; text-decoration:none; font-weight:bold; font-size:14px;">\n        ✅ Accepter\n      </a>\n      <a href="http://movilab.fr//api/coach/requests/decision?token=20b498fc-8147-480f-8ed1-11c1001178b4&d=decline" \n         style="background:#dc2626; color:#fff; padding:10px 16px; border-radius:6px; text-decoration:none; font-weight:bold; font-size:14px;">\n        ❌ Refuser\n      </a>\n    </div>\n    <p style="font-size:14px; color:#6b7280;">\n      Merci de votre réactivité,<br/>\n      L’équipe MoviLab\n    </p>\n  </div>\n	2025-09-25 11:50:07.370227+00	\N
12	gaetan.bougoula@orange.fr	Nouvelle demande de RDV	\n  <div style="font-family: Arial, sans-serif; max-width:600px; margin:0 auto; padding:20px; background:#f9fafb; border:1px solid #e5e7eb; border-radius:8px;">\n    <h2 style="color:#111827; font-size:20px; margin-bottom:10px;">Nouvelle demande de rendez-vous</h2>\n    <p style="font-size:16px; color:#374151; margin:0 0 10px;">\n      Bonjour,\n    </p>\n    <p style="font-size:16px; color:#374151; margin:0 0 10px;">\n      <strong>fdsf fsdf</strong> souhaite réserver le service \n      <strong style="color:#111827;">Pack prévention</strong> \n      le <strong style="color:#111827;">vendredi 26 septembre 2025 à 12:00</strong>.\n    </p>\n    <p style="font-size:16px; color:#374151; margin:0 0 20px;">\n      Souhaitez-vous accepter ce rendez-vous ?\n    </p>\n    <div style="display:flex; gap:12px; margin-bottom:20px;">\n      <a href="http://movilab.fr//api/coach/requests/decision?token=abb04bfa-d262-4efd-a86a-6df105f8c7f0&d=accept" \n         style="background:#16a34a; color:#fff; padding:10px 16px; border-radius:6px; text-decoration:none; font-weight:bold; font-size:14px;">\n        ✅ Accepter\n      </a>\n      <a href="http://movilab.fr//api/coach/requests/decision?token=abb04bfa-d262-4efd-a86a-6df105f8c7f0&d=decline" \n         style="background:#dc2626; color:#fff; padding:10px 16px; border-radius:6px; text-decoration:none; font-weight:bold; font-size:14px;">\n        ❌ Refuser\n      </a>\n    </div>\n    <p style="font-size:14px; color:#6b7280;">\n      Merci de votre réactivité,<br/>\n      L’équipe MoviLab\n    </p>\n  </div>\n	2025-09-25 11:51:21.787552+00	\N
13	athleat.coaching@gmail.com	Nouvelle demande de RDV	\n  <div style="font-family: Arial, sans-serif; max-width:600px; margin:0 auto; padding:20px; background:#f9fafb; border:1px solid #e5e7eb; border-radius:8px;">\n    <h2 style="color:#111827; font-size:20px; margin-bottom:10px;">Nouvelle demande de rendez-vous</h2>\n    <p style="font-size:16px; color:#374151; margin:0 0 10px;">\n      Bonjour,\n    </p>\n    <p style="font-size:16px; color:#374151; margin:0 0 10px;">\n      <strong>fdsf fsdf</strong> souhaite réserver le service \n      <strong style="color:#111827;">Pack prévention</strong> \n      le <strong style="color:#111827;">vendredi 26 septembre 2025 à 12:00</strong>.\n    </p>\n    <p style="font-size:16px; color:#374151; margin:0 0 20px;">\n      Souhaitez-vous accepter ce rendez-vous ?\n    </p>\n    <div style="display:flex; gap:12px; margin-bottom:20px;">\n      <a href="http://movilab.fr//api/coach/requests/decision?token=4f80eaa3-e921-427d-a351-c5086aac54c8&d=accept" \n         style="background:#16a34a; color:#fff; padding:10px 16px; border-radius:6px; text-decoration:none; font-weight:bold; font-size:14px;">\n        ✅ Accepter\n      </a>\n      <a href="http://movilab.fr//api/coach/requests/decision?token=4f80eaa3-e921-427d-a351-c5086aac54c8&d=decline" \n         style="background:#dc2626; color:#fff; padding:10px 16px; border-radius:6px; text-decoration:none; font-weight:bold; font-size:14px;">\n        ❌ Refuser\n      </a>\n    </div>\n    <p style="font-size:14px; color:#6b7280;">\n      Merci de votre réactivité,<br/>\n      L’équipe MoviLab\n    </p>\n  </div>\n	2025-09-25 11:51:21.787552+00	\N
14	gaetan.bougoula@orange.fr	Nouvelle demande de RDV	\n  <div style="font-family: Arial, sans-serif; max-width:600px; margin:0 auto; padding:20px; background:#f9fafb; border:1px solid #e5e7eb; border-radius:8px;">\n    <h2 style="color:#111827; font-size:20px; margin-bottom:10px;">Nouvelle demande de rendez-vous</h2>\n    <p style="font-size:16px; color:#374151; margin:0 0 10px;">\n      Bonjour,\n    </p>\n    <p style="font-size:16px; color:#374151; margin:0 0 10px;">\n      <strong>dfsqf fsdfsdf</strong> souhaite réserver le service \n      <strong style="color:#111827;">Pack performance</strong> \n      le <strong style="color:#111827;">vendredi 26 septembre 2025 à 13:00</strong>.\n    </p>\n    <p style="font-size:16px; color:#374151; margin:0 0 20px;">\n      Souhaitez-vous accepter ce rendez-vous ?\n    </p>\n    <div style="display:flex; gap:12px; margin-bottom:20px;">\n      <a href="http://movilab.fr//api/coach/requests/decision?token=ccd41229-813f-4153-9216-c5f478e46e92&d=accept" \n         style="background:#16a34a; color:#fff; padding:10px 16px; border-radius:6px; text-decoration:none; font-weight:bold; font-size:14px;">\n        ✅ Accepter\n      </a>\n      <a href="http://movilab.fr//api/coach/requests/decision?token=ccd41229-813f-4153-9216-c5f478e46e92&d=decline" \n         style="background:#dc2626; color:#fff; padding:10px 16px; border-radius:6px; text-decoration:none; font-weight:bold; font-size:14px;">\n        ❌ Refuser\n      </a>\n    </div>\n    <p style="font-size:14px; color:#6b7280;">\n      Merci de votre réactivité,<br/>\n      L’équipe MoviLab\n    </p>\n  </div>\n	2025-09-25 11:53:25.544057+00	\N
15	galo.maldonado@humet.fr	Nouvelle demande de RDV	\n  <div style="font-family: Arial, sans-serif; max-width:600px; margin:0 auto; padding:20px; background:#f9fafb; border:1px solid #e5e7eb; border-radius:8px;">\n    <h2 style="color:#111827; font-size:20px; margin-bottom:10px;">Nouvelle demande de rendez-vous</h2>\n    <p style="font-size:16px; color:#374151; margin:0 0 10px;">\n      Bonjour,\n    </p>\n    <p style="font-size:16px; color:#374151; margin:0 0 10px;">\n      <strong>dfsqf fsdfsdf</strong> souhaite réserver le service \n      <strong style="color:#111827;">Pack performance</strong> \n      le <strong style="color:#111827;">vendredi 26 septembre 2025 à 13:00</strong>.\n    </p>\n    <p style="font-size:16px; color:#374151; margin:0 0 20px;">\n      Souhaitez-vous accepter ce rendez-vous ?\n    </p>\n    <div style="display:flex; gap:12px; margin-bottom:20px;">\n      <a href="http://movilab.fr//api/coach/requests/decision?token=fb858aab-a20c-4075-8d16-697fa61f665b&d=accept" \n         style="background:#16a34a; color:#fff; padding:10px 16px; border-radius:6px; text-decoration:none; font-weight:bold; font-size:14px;">\n        ✅ Accepter\n      </a>\n      <a href="http://movilab.fr//api/coach/requests/decision?token=fb858aab-a20c-4075-8d16-697fa61f665b&d=decline" \n         style="background:#dc2626; color:#fff; padding:10px 16px; border-radius:6px; text-decoration:none; font-weight:bold; font-size:14px;">\n        ❌ Refuser\n      </a>\n    </div>\n    <p style="font-size:14px; color:#6b7280;">\n      Merci de votre réactivité,<br/>\n      L’équipe MoviLab\n    </p>\n  </div>\n	2025-09-25 11:53:25.544057+00	\N
16	gaetan.bougoula@orange.fr	Nouvelle demande de RDV	\n  <div style="font-family: Arial, sans-serif; max-width:600px; margin:0 auto; padding:20px; background:#f9fafb; border:1px solid #e5e7eb; border-radius:8px;">\n    <h2 style="color:#111827; font-size:20px; margin-bottom:10px;">Nouvelle demande de rendez-vous</h2>\n    <p style="font-size:16px; color:#374151; margin:0 0 10px;">\n      Bonjour,\n    </p>\n    <p style="font-size:16px; color:#374151; margin:0 0 10px;">\n      <strong>Galo Maldonado</strong> souhaite réserver le service \n      <strong style="color:#111827;">Pack prévention</strong> \n      le <strong style="color:#111827;">vendredi 3 octobre 2025 à 12:00</strong>.\n    </p>\n    <p style="font-size:16px; color:#374151; margin:0 0 20px;">\n      Souhaitez-vous accepter ce rendez-vous ?\n    </p>\n    <div style="display:flex; gap:12px; margin-bottom:20px;">\n      <a href="http://movi-lab.fr//api/coach/requests/decision?token=11c4dde8-9c80-421f-b9f9-91484205025e&d=accept" \n         style="background:#16a34a; color:#fff; padding:10px 16px; border-radius:6px; text-decoration:none; font-weight:bold; font-size:14px;">\n        ✅ Accepter\n      </a>\n      <a href="http://movi-lab.fr//api/coach/requests/decision?token=11c4dde8-9c80-421f-b9f9-91484205025e&d=decline" \n         style="background:#dc2626; color:#fff; padding:10px 16px; border-radius:6px; text-decoration:none; font-weight:bold; font-size:14px;">\n        ❌ Refuser\n      </a>\n    </div>\n    <p style="font-size:14px; color:#6b7280;">\n      Merci de votre réactivité,<br/>\n      L’équipe MoviLab\n    </p>\n  </div>\n	2025-09-29 07:39:54.919909+00	\N
17	athleat.coaching@gmail.com	Nouvelle demande de RDV	\n  <div style="font-family: Arial, sans-serif; max-width:600px; margin:0 auto; padding:20px; background:#f9fafb; border:1px solid #e5e7eb; border-radius:8px;">\n    <h2 style="color:#111827; font-size:20px; margin-bottom:10px;">Nouvelle demande de rendez-vous</h2>\n    <p style="font-size:16px; color:#374151; margin:0 0 10px;">\n      Bonjour,\n    </p>\n    <p style="font-size:16px; color:#374151; margin:0 0 10px;">\n      <strong>Galo Maldonado</strong> souhaite réserver le service \n      <strong style="color:#111827;">Pack prévention</strong> \n      le <strong style="color:#111827;">vendredi 3 octobre 2025 à 12:00</strong>.\n    </p>\n    <p style="font-size:16px; color:#374151; margin:0 0 20px;">\n      Souhaitez-vous accepter ce rendez-vous ?\n    </p>\n    <div style="display:flex; gap:12px; margin-bottom:20px;">\n      <a href="http://movi-lab.fr//api/coach/requests/decision?token=3c8be270-1470-4cc9-8975-30b4bc62385b&d=accept" \n         style="background:#16a34a; color:#fff; padding:10px 16px; border-radius:6px; text-decoration:none; font-weight:bold; font-size:14px;">\n        ✅ Accepter\n      </a>\n      <a href="http://movi-lab.fr//api/coach/requests/decision?token=3c8be270-1470-4cc9-8975-30b4bc62385b&d=decline" \n         style="background:#dc2626; color:#fff; padding:10px 16px; border-radius:6px; text-decoration:none; font-weight:bold; font-size:14px;">\n        ❌ Refuser\n      </a>\n    </div>\n    <p style="font-size:14px; color:#6b7280;">\n      Merci de votre réactivité,<br/>\n      L’équipe MoviLab\n    </p>\n  </div>\n	2025-09-29 07:39:54.919909+00	\N
18	gaetan.bougoula@orange.fr	Nouvelle demande de RDV	\n  <div style="font-family: Arial, sans-serif; max-width:600px; margin:0 auto; padding:20px; background:#f9fafb; border:1px solid #e5e7eb; border-radius:8px;">\n    <h2 style="color:#111827; font-size:20px; margin-bottom:10px;">Nouvelle demande de rendez-vous</h2>\n    <p style="font-size:16px; color:#374151; margin:0 0 10px;">\n      Bonjour,\n    </p>\n    <p style="font-size:16px; color:#374151; margin:0 0 10px;">\n      <strong>fsdq sdfq</strong> souhaite réserver le service \n      <strong style="color:#111827;">Pack performance</strong> \n      le <strong style="color:#111827;">vendredi 3 octobre 2025 à 12:00</strong>.\n    </p>\n    <p style="font-size:16px; color:#374151; margin:0 0 20px;">\n      Souhaitez-vous accepter ce rendez-vous ?\n    </p>\n    <div style="display:flex; gap:12px; margin-bottom:20px;">\n      <a href="http://movi-lab.fr//api/coach/requests/decision?token=f5f09a57-344c-4169-bf0a-4baf7a169356&d=accept" \n         style="background:#16a34a; color:#fff; padding:10px 16px; border-radius:6px; text-decoration:none; font-weight:bold; font-size:14px;">\n        ✅ Accepter\n      </a>\n      <a href="http://movi-lab.fr//api/coach/requests/decision?token=f5f09a57-344c-4169-bf0a-4baf7a169356&d=decline" \n         style="background:#dc2626; color:#fff; padding:10px 16px; border-radius:6px; text-decoration:none; font-weight:bold; font-size:14px;">\n        ❌ Refuser\n      </a>\n    </div>\n    <p style="font-size:14px; color:#6b7280;">\n      Merci de votre réactivité,<br/>\n      L’équipe MoviLab\n    </p>\n  </div>\n	2025-09-30 09:55:53.032393+00	\N
19	athleat.coaching@gmail.com	Nouvelle demande de RDV	\n  <div style="font-family: Arial, sans-serif; max-width:600px; margin:0 auto; padding:20px; background:#f9fafb; border:1px solid #e5e7eb; border-radius:8px;">\n    <h2 style="color:#111827; font-size:20px; margin-bottom:10px;">Nouvelle demande de rendez-vous</h2>\n    <p style="font-size:16px; color:#374151; margin:0 0 10px;">\n      Bonjour,\n    </p>\n    <p style="font-size:16px; color:#374151; margin:0 0 10px;">\n      <strong>fsdq sdfq</strong> souhaite réserver le service \n      <strong style="color:#111827;">Pack performance</strong> \n      le <strong style="color:#111827;">vendredi 3 octobre 2025 à 12:00</strong>.\n    </p>\n    <p style="font-size:16px; color:#374151; margin:0 0 20px;">\n      Souhaitez-vous accepter ce rendez-vous ?\n    </p>\n    <div style="display:flex; gap:12px; margin-bottom:20px;">\n      <a href="http://movi-lab.fr//api/coach/requests/decision?token=e84c918a-f70f-4bd8-89d3-3174e01de152&d=accept" \n         style="background:#16a34a; color:#fff; padding:10px 16px; border-radius:6px; text-decoration:none; font-weight:bold; font-size:14px;">\n        ✅ Accepter\n      </a>\n      <a href="http://movi-lab.fr//api/coach/requests/decision?token=e84c918a-f70f-4bd8-89d3-3174e01de152&d=decline" \n         style="background:#dc2626; color:#fff; padding:10px 16px; border-radius:6px; text-decoration:none; font-weight:bold; font-size:14px;">\n        ❌ Refuser\n      </a>\n    </div>\n    <p style="font-size:14px; color:#6b7280;">\n      Merci de votre réactivité,<br/>\n      L’équipe MoviLab\n    </p>\n  </div>\n	2025-09-30 09:55:53.032393+00	\N
20	athleat.coaching@gmail.com	Nouvelle demande de RDV	\n  <div style="font-family: Arial, sans-serif; max-width:600px; margin:0 auto; padding:20px; background:#f9fafb; border:1px solid #e5e7eb; border-radius:8px;">\n    <h2 style="color:#111827; font-size:20px; margin-bottom:10px;">Nouvelle demande de rendez-vous</h2>\n    <p style="font-size:16px; color:#374151; margin:0 0 10px;">\n      Bonjour,\n    </p>\n    <p style="font-size:16px; color:#374151; margin:0 0 10px;">\n      <strong>gazeta bougola</strong> souhaite réserver le service \n      <strong style="color:#111827;">Pack Initial</strong> \n      le <strong style="color:#111827;">samedi 4 octobre 2025 à 10:00</strong>.\n    </p>\n    <p style="font-size:16px; color:#374151; margin:0 0 20px;">\n      Souhaitez-vous accepter ce rendez-vous ?\n    </p>\n    <div style="display:flex; gap:12px; margin-bottom:20px;">\n      <a href="https://movi-lab.fr//api/coach/requests/decision?token=84a1193d-e02d-4783-863f-8902fb5c05a7&d=accept" \n         style="background:#16a34a; color:#fff; padding:10px 16px; border-radius:6px; text-decoration:none; font-weight:bold; font-size:14px;">\n        ✅ Accepter\n      </a>\n      <a href="https://movi-lab.fr//api/coach/requests/decision?token=84a1193d-e02d-4783-863f-8902fb5c05a7&d=decline" \n         style="background:#dc2626; color:#fff; padding:10px 16px; border-radius:6px; text-decoration:none; font-weight:bold; font-size:14px;">\n        ❌ Refuser\n      </a>\n    </div>\n    <p style="font-size:14px; color:#6b7280;">\n      Merci de votre réactivité,<br/>\n      L’équipe MoviLab\n    </p>\n  </div>\n	2025-10-01 09:37:52.900283+00	\N
21	galo.maldonado@humet.fr	Nouvelle demande de RDV	\n  <div style="font-family: Arial, sans-serif; max-width:600px; margin:0 auto; padding:20px; background:#f9fafb; border:1px solid #e5e7eb; border-radius:8px;">\n    <h2 style="color:#111827; font-size:20px; margin-bottom:10px;">Nouvelle demande de rendez-vous</h2>\n    <p style="font-size:16px; color:#374151; margin:0 0 10px;">\n      Bonjour,\n    </p>\n    <p style="font-size:16px; color:#374151; margin:0 0 10px;">\n      <strong>gazeta bougola</strong> souhaite réserver le service \n      <strong style="color:#111827;">Pack Initial</strong> \n      le <strong style="color:#111827;">samedi 4 octobre 2025 à 10:00</strong>.\n    </p>\n    <p style="font-size:16px; color:#374151; margin:0 0 20px;">\n      Souhaitez-vous accepter ce rendez-vous ?\n    </p>\n    <div style="display:flex; gap:12px; margin-bottom:20px;">\n      <a href="https://movi-lab.fr//api/coach/requests/decision?token=2b4e6907-5f54-4b2c-be4a-816cd1f7c651&d=accept" \n         style="background:#16a34a; color:#fff; padding:10px 16px; border-radius:6px; text-decoration:none; font-weight:bold; font-size:14px;">\n        ✅ Accepter\n      </a>\n      <a href="https://movi-lab.fr//api/coach/requests/decision?token=2b4e6907-5f54-4b2c-be4a-816cd1f7c651&d=decline" \n         style="background:#dc2626; color:#fff; padding:10px 16px; border-radius:6px; text-decoration:none; font-weight:bold; font-size:14px;">\n        ❌ Refuser\n      </a>\n    </div>\n    <p style="font-size:14px; color:#6b7280;">\n      Merci de votre réactivité,<br/>\n      L’équipe MoviLab\n    </p>\n  </div>\n	2025-10-01 09:37:52.900283+00	\N
22	gaetan.bougoula@humet.fr	Nouvelle demande de RDV (coachs notifiés)	\n  <div style="background:#f3f4f6;padding:24px 0;margin:0;">\n    <table role="presentation" cellpadding="0" cellspacing="0" width="100%" style="border-collapse:collapse;">\n      <tr>\n        <td align="center" style="padding:0 16px;">\n          <table role="presentation" cellpadding="0" cellspacing="0" width="600" style="max-width:600px;width:100%;border-collapse:collapse;background:#ffffff;border:1px solid #e5e7eb;border-radius:12px;overflow:hidden;">\n            <!-- Header -->\n            <tr>\n              <td style="background:#111827;color:#fff;padding:18px 24px;">\n                <div style="font-size:16px;font-weight:700;letter-spacing:.2px;">MoviLab</div>\n                <div style="font-size:13px;opacity:.85;margin-top:2px;">Nouvelle demande de rendez-vous</div>\n              </td>\n            </tr>\n\n            <!-- Intro -->\n            <tr>\n              <td style="padding:20px 24px 0;">\n                <p style="margin:0 0 10px;font-size:15px;line-height:1.6;color:#374151;">Bonjour,</p>\n                <p style="margin:0 0 6px;font-size:15px;line-height:1.6;color:#374151;">\n                  <strong style="color:#111827;">Thomas DECKER</strong> souhaite réserver le service\n                  <strong style="color:#111827;">Pack prévention et douleurs</strong>.\n                </p>\n                <div style="font-size:14px;line-height:1.6;color:#374151;">\n                  Date/heure: <strong style="color:#111827;">vendredi 24 octobre 2025 à 13:00</strong>\n                  <div style="margin-top:4px;color:#374151;">Tarif : <strong style="color:#111827;">180,00 €</strong></div>\n                  <div style="margin-top:4px;color:#374151;">Durée : <strong style="color:#111827;">60 min</strong></div>\n                  \n    <div style="margin-top:2px;color:#374151;">Email : <a style="color:#2563eb;text-decoration:none;" href="mailto:thomas.dekker@hotmail.fr">thomas.dekker@hotmail.fr</a></div>\n    <div style="margin-top:2px;color:#374151;">Téléphone : <a style="color:#2563eb;text-decoration:none;" href="tel:06 78 06 72 76">06 78 06 72 76</a></div>\n  \n                </div>\n              </td>\n            </tr>\n\n            \n            \n      <tr>\n        <td style="padding:16px 24px 0;">\n          <h3 style="margin:0 0 8px;font-size:16px;line-height:1.35;color:#111827;">Notes du client</h3>\n          <div style="font-size:14px;line-height:1.6;color:#374151;background:#f9fafb;border:1px solid #e5e7eb;border-radius:8px;padding:12px 14px;">\n            Pack prévention avec réduction 15% sur le prix\n          </div>\n        </td>\n      </tr>\n    \n            \n\n            <!-- Footer -->\n            <tr>\n              <td style="padding:14px 24px 20px;border-top:1px solid #f3f4f6;">\n                <div style="font-size:12px;color:#6b7280;line-height:1.5;">\n                  Merci de votre réactivité,<br/>\n                  L’équipe MoviLab<br/>\n                  <span style="color:#9ca3af;">Cet email contient des liens d’action sécurisés et vous est destiné en tant que coach partenaire.</span>\n                </div>\n              </td>\n            </tr>\n\n          </table>\n        </td>\n      </tr>\n    </table>\n  </div>	2025-10-21 09:53:16.445077+00	2025-10-21 09:53:19.093599+00
23	info@movi-lab.fr	Nouvelle demande de RDV (coachs notifiés)	\n  <div style="background:#f3f4f6;padding:24px 0;margin:0;">\n    <table role="presentation" cellpadding="0" cellspacing="0" width="100%" style="border-collapse:collapse;">\n      <tr>\n        <td align="center" style="padding:0 16px;">\n          <table role="presentation" cellpadding="0" cellspacing="0" width="600" style="max-width:600px;width:100%;border-collapse:collapse;background:#ffffff;border:1px solid #e5e7eb;border-radius:12px;overflow:hidden;">\n            <!-- Header -->\n            <tr>\n              <td style="background:#111827;color:#fff;padding:18px 24px;">\n                <div style="font-size:16px;font-weight:700;letter-spacing:.2px;">MoviLab</div>\n                <div style="font-size:13px;opacity:.85;margin-top:2px;">Nouvelle demande de rendez-vous</div>\n              </td>\n            </tr>\n\n            <!-- Intro -->\n            <tr>\n              <td style="padding:20px 24px 0;">\n                <p style="margin:0 0 10px;font-size:15px;line-height:1.6;color:#374151;">Bonjour,</p>\n                <p style="margin:0 0 6px;font-size:15px;line-height:1.6;color:#374151;">\n                  <strong style="color:#111827;">Thomas DECKER</strong> souhaite réserver le service\n                  <strong style="color:#111827;">Pack prévention et douleurs</strong>.\n                </p>\n                <div style="font-size:14px;line-height:1.6;color:#374151;">\n                  Date/heure: <strong style="color:#111827;">vendredi 24 octobre 2025 à 13:00</strong>\n                  <div style="margin-top:4px;color:#374151;">Tarif : <strong style="color:#111827;">180,00 €</strong></div>\n                  <div style="margin-top:4px;color:#374151;">Durée : <strong style="color:#111827;">60 min</strong></div>\n                  \n    <div style="margin-top:2px;color:#374151;">Email : <a style="color:#2563eb;text-decoration:none;" href="mailto:thomas.dekker@hotmail.fr">thomas.dekker@hotmail.fr</a></div>\n    <div style="margin-top:2px;color:#374151;">Téléphone : <a style="color:#2563eb;text-decoration:none;" href="tel:06 78 06 72 76">06 78 06 72 76</a></div>\n  \n                </div>\n              </td>\n            </tr>\n\n            \n            \n      <tr>\n        <td style="padding:16px 24px 0;">\n          <h3 style="margin:0 0 8px;font-size:16px;line-height:1.35;color:#111827;">Notes du client</h3>\n          <div style="font-size:14px;line-height:1.6;color:#374151;background:#f9fafb;border:1px solid #e5e7eb;border-radius:8px;padding:12px 14px;">\n            Pack prévention avec réduction 15% sur le prix\n          </div>\n        </td>\n      </tr>\n    \n            \n\n            <!-- Footer -->\n            <tr>\n              <td style="padding:14px 24px 20px;border-top:1px solid #f3f4f6;">\n                <div style="font-size:12px;color:#6b7280;line-height:1.5;">\n                  Merci de votre réactivité,<br/>\n                  L’équipe MoviLab<br/>\n                  <span style="color:#9ca3af;">Cet email contient des liens d’action sécurisés et vous est destiné en tant que coach partenaire.</span>\n                </div>\n              </td>\n            </tr>\n\n          </table>\n        </td>\n      </tr>\n    </table>\n  </div>	2025-10-21 09:53:16.445077+00	2025-10-21 09:53:20.822288+00
24	galo.maldonado@humet.fr	Nouvelle demande de rendez-vous	\n  <div style="background:#f3f4f6;padding:24px 0;margin:0;">\n    <table role="presentation" cellpadding="0" cellspacing="0" width="100%" style="border-collapse:collapse;">\n      <tr>\n        <td align="center" style="padding:0 16px;">\n          <table role="presentation" cellpadding="0" cellspacing="0" width="600" style="max-width:600px;width:100%;border-collapse:collapse;background:#ffffff;border:1px solid #e5e7eb;border-radius:12px;overflow:hidden;">\n            <!-- Header -->\n            <tr>\n              <td style="background:#111827;color:#fff;padding:18px 24px;">\n                <div style="font-size:16px;font-weight:700;letter-spacing:.2px;">MoviLab</div>\n                <div style="font-size:13px;opacity:.85;margin-top:2px;">Nouvelle demande de rendez-vous</div>\n              </td>\n            </tr>\n\n            <!-- Intro -->\n            <tr>\n              <td style="padding:20px 24px 0;">\n                <p style="margin:0 0 10px;font-size:15px;line-height:1.6;color:#374151;">Bonjour,</p>\n                <p style="margin:0 0 6px;font-size:15px;line-height:1.6;color:#374151;">\n                  <strong style="color:#111827;">Thomas DECKER</strong> souhaite réserver le service\n                  <strong style="color:#111827;">Pack prévention et douleurs</strong>.\n                </p>\n                <div style="font-size:14px;line-height:1.6;color:#374151;">\n                  Date/heure: <strong style="color:#111827;">vendredi 24 octobre 2025 à 13:00</strong>\n                  <div style="margin-top:4px;color:#374151;">Tarif : <strong style="color:#111827;">180,00 €</strong></div>\n                  <div style="margin-top:4px;color:#374151;">Durée : <strong style="color:#111827;">60 min</strong></div>\n                  \n    <div style="margin-top:2px;color:#374151;">Email : <a style="color:#2563eb;text-decoration:none;" href="mailto:thomas.dekker@hotmail.fr">thomas.dekker@hotmail.fr</a></div>\n    <div style="margin-top:2px;color:#374151;">Téléphone : <a style="color:#2563eb;text-decoration:none;" href="tel:06 78 06 72 76">06 78 06 72 76</a></div>\n  \n                </div>\n              </td>\n            </tr>\n\n            \n            \n      <tr>\n        <td style="padding:16px 24px 0;">\n          <h3 style="margin:0 0 8px;font-size:16px;line-height:1.35;color:#111827;">Notes du client</h3>\n          <div style="font-size:14px;line-height:1.6;color:#374151;background:#f9fafb;border:1px solid #e5e7eb;border-radius:8px;padding:12px 14px;">\n            Pack prévention avec réduction 15% sur le prix\n          </div>\n        </td>\n      </tr>\n    \n            \n<tr>\n  <td style="padding:24px;">\n    <table role="presentation" cellpadding="0" cellspacing="0" width="100%" style="border-collapse:collapse;">\n      <tr>\n        <td align="center" style="padding-top:4px;">\n          <a href="http://movi-lab.fr//api/coach/requests/decision?token=92ba252e-30f5-46ba-8e37-2d386de435e9&d=accept"\n             style="display:inline-block;background:#16a34a;color:#ffffff;text-decoration:none;\n                    font-weight:600;font-size:15px;padding:12px 20px;border-radius:6px;\n                    box-shadow:0 1px 3px rgba(0,0,0,0.1);">\n            Accepter la demande\n          </a>\n          <a href="http://movi-lab.fr//api/coach/requests/decision?token=92ba252e-30f5-46ba-8e37-2d386de435e9&d=decline"\n             style="display:inline-block;background:#dc2626;color:#ffffff;text-decoration:none;\n                    font-weight:600;font-size:15px;padding:12px 20px;border-radius:6px;\n                    margin-left:12px;box-shadow:0 1px 3px rgba(0,0,0,0.1);">\n            Refuser la demande\n          </a>\n        </td>\n      </tr>\n    </table>\n  </td>\n</tr>\n\n            <!-- Footer -->\n            <tr>\n              <td style="padding:14px 24px 20px;border-top:1px solid #f3f4f6;">\n                <div style="font-size:12px;color:#6b7280;line-height:1.5;">\n                  Merci de votre réactivité,<br/>\n                  L’équipe MoviLab<br/>\n                  <span style="color:#9ca3af;">Cet email contient des liens d’action sécurisés et vous est destiné en tant que coach partenaire.</span>\n                </div>\n              </td>\n            </tr>\n\n          </table>\n        </td>\n      </tr>\n    </table>\n  </div>	2025-10-21 09:53:16.445077+00	2025-10-21 09:53:22.610674+00
25	gaetan.bougoula@orange.fr	Nouvelle demande de rendez-vous	\n  <div style="background:#f3f4f6;padding:24px 0;margin:0;">\n    <table role="presentation" cellpadding="0" cellspacing="0" width="100%" style="border-collapse:collapse;">\n      <tr>\n        <td align="center" style="padding:0 16px;">\n          <table role="presentation" cellpadding="0" cellspacing="0" width="600" style="max-width:600px;width:100%;border-collapse:collapse;background:#ffffff;border:1px solid #e5e7eb;border-radius:12px;overflow:hidden;">\n            <!-- Header -->\n            <tr>\n              <td style="background:#111827;color:#fff;padding:18px 24px;">\n                <div style="font-size:16px;font-weight:700;letter-spacing:.2px;">MoviLab</div>\n                <div style="font-size:13px;opacity:.85;margin-top:2px;">Nouvelle demande de rendez-vous</div>\n              </td>\n            </tr>\n\n            <!-- Intro -->\n            <tr>\n              <td style="padding:20px 24px 0;">\n                <p style="margin:0 0 10px;font-size:15px;line-height:1.6;color:#374151;">Bonjour,</p>\n                <p style="margin:0 0 6px;font-size:15px;line-height:1.6;color:#374151;">\n                  <strong style="color:#111827;">Thomas DECKER</strong> souhaite réserver le service\n                  <strong style="color:#111827;">Pack prévention et douleurs</strong>.\n                </p>\n                <div style="font-size:14px;line-height:1.6;color:#374151;">\n                  Date/heure: <strong style="color:#111827;">vendredi 24 octobre 2025 à 13:00</strong>\n                  <div style="margin-top:4px;color:#374151;">Tarif : <strong style="color:#111827;">180,00 €</strong></div>\n                  <div style="margin-top:4px;color:#374151;">Durée : <strong style="color:#111827;">60 min</strong></div>\n                  \n    <div style="margin-top:2px;color:#374151;">Email : <a style="color:#2563eb;text-decoration:none;" href="mailto:thomas.dekker@hotmail.fr">thomas.dekker@hotmail.fr</a></div>\n    <div style="margin-top:2px;color:#374151;">Téléphone : <a style="color:#2563eb;text-decoration:none;" href="tel:06 78 06 72 76">06 78 06 72 76</a></div>\n  \n                </div>\n              </td>\n            </tr>\n\n            \n            \n      <tr>\n        <td style="padding:16px 24px 0;">\n          <h3 style="margin:0 0 8px;font-size:16px;line-height:1.35;color:#111827;">Notes du client</h3>\n          <div style="font-size:14px;line-height:1.6;color:#374151;background:#f9fafb;border:1px solid #e5e7eb;border-radius:8px;padding:12px 14px;">\n            Pack prévention avec réduction 15% sur le prix\n          </div>\n        </td>\n      </tr>\n    \n            \n<tr>\n  <td style="padding:24px;">\n    <table role="presentation" cellpadding="0" cellspacing="0" width="100%" style="border-collapse:collapse;">\n      <tr>\n        <td align="center" style="padding-top:4px;">\n          <a href="http://movi-lab.fr//api/coach/requests/decision?token=0e53748f-bf2d-4dee-bc0f-1c27105e7652&d=accept"\n             style="display:inline-block;background:#16a34a;color:#ffffff;text-decoration:none;\n                    font-weight:600;font-size:15px;padding:12px 20px;border-radius:6px;\n                    box-shadow:0 1px 3px rgba(0,0,0,0.1);">\n            Accepter la demande\n          </a>\n          <a href="http://movi-lab.fr//api/coach/requests/decision?token=0e53748f-bf2d-4dee-bc0f-1c27105e7652&d=decline"\n             style="display:inline-block;background:#dc2626;color:#ffffff;text-decoration:none;\n                    font-weight:600;font-size:15px;padding:12px 20px;border-radius:6px;\n                    margin-left:12px;box-shadow:0 1px 3px rgba(0,0,0,0.1);">\n            Refuser la demande\n          </a>\n        </td>\n      </tr>\n    </table>\n  </td>\n</tr>\n\n            <!-- Footer -->\n            <tr>\n              <td style="padding:14px 24px 20px;border-top:1px solid #f3f4f6;">\n                <div style="font-size:12px;color:#6b7280;line-height:1.5;">\n                  Merci de votre réactivité,<br/>\n                  L’équipe MoviLab<br/>\n                  <span style="color:#9ca3af;">Cet email contient des liens d’action sécurisés et vous est destiné en tant que coach partenaire.</span>\n                </div>\n              </td>\n            </tr>\n\n          </table>\n        </td>\n      </tr>\n    </table>\n  </div>	2025-10-21 09:53:16.445077+00	2025-10-21 09:53:24.353929+00
26	gaetan.bougoula@humet.fr	Nouvelle demande de RDV (coachs notifiés)	\n  <div style="background:#f3f4f6;padding:24px 0;margin:0;">\n    <table role="presentation" cellpadding="0" cellspacing="0" width="100%" style="border-collapse:collapse;">\n      <tr>\n        <td align="center" style="padding:0 16px;">\n          <table role="presentation" cellpadding="0" cellspacing="0" width="600" style="max-width:600px;width:100%;border-collapse:collapse;background:#ffffff;border:1px solid #e5e7eb;border-radius:12px;overflow:hidden;">\n            <!-- Header -->\n            <tr>\n              <td style="background:#111827;color:#fff;padding:18px 24px;">\n                <div style="font-size:16px;font-weight:700;letter-spacing:.2px;">MoviLab</div>\n                <div style="font-size:13px;opacity:.85;margin-top:2px;">Nouvelle demande de rendez-vous</div>\n              </td>\n            </tr>\n\n            <!-- Intro -->\n            <tr>\n              <td style="padding:20px 24px 0;">\n                <p style="margin:0 0 10px;font-size:15px;line-height:1.6;color:#374151;">Bonjour,</p>\n                <p style="margin:0 0 6px;font-size:15px;line-height:1.6;color:#374151;">\n                  <strong style="color:#111827;">fefef efefef</strong> souhaite réserver le service\n                  <strong style="color:#111827;">Pack prévention et douleurs</strong>.\n                </p>\n                <div style="font-size:14px;line-height:1.6;color:#374151;">\n                  Date/heure: <strong style="color:#111827;">vendredi 24 octobre 2025 à 14:00</strong>\n                  <div style="margin-top:4px;color:#374151;">Tarif : <strong style="color:#111827;">180,00 €</strong></div>\n                  <div style="margin-top:4px;color:#374151;">Durée : <strong style="color:#111827;">60 min</strong></div>\n                  \n    <div style="margin-top:2px;color:#374151;">Email : <a style="color:#2563eb;text-decoration:none;" href="mailto:efefe">efefe</a></div>\n    <div style="margin-top:2px;color:#374151;">Téléphone : <a style="color:#2563eb;text-decoration:none;" href="tel:fefef">fefef</a></div>\n  \n                </div>\n              </td>\n            </tr>\n\n            \n            \n      <tr>\n        <td style="padding:16px 24px 0;">\n          <h3 style="margin:0 0 8px;font-size:16px;line-height:1.35;color:#111827;">Notes du client</h3>\n          <div style="font-size:14px;line-height:1.6;color:#374151;background:#f9fafb;border:1px solid #e5e7eb;border-radius:8px;padding:12px 14px;">\n            Pas de commentaire.\n          </div>\n        </td>\n      </tr>\n    \n            \n\n            <!-- Footer -->\n            <tr>\n              <td style="padding:14px 24px 20px;border-top:1px solid #f3f4f6;">\n                <div style="font-size:12px;color:#6b7280;line-height:1.5;">\n                  Merci de votre réactivité,<br/>\n                  L’équipe MoviLab<br/>\n                  <span style="color:#9ca3af;">Cet email contient des liens d’action sécurisés et vous est destiné en tant que coach partenaire.</span>\n                </div>\n              </td>\n            </tr>\n\n          </table>\n        </td>\n      </tr>\n    </table>\n  </div>	2025-10-21 09:59:41.672794+00	2025-10-21 09:59:44.792685+00
27	info@movi-lab.fr	Nouvelle demande de RDV (coachs notifiés)	\n  <div style="background:#f3f4f6;padding:24px 0;margin:0;">\n    <table role="presentation" cellpadding="0" cellspacing="0" width="100%" style="border-collapse:collapse;">\n      <tr>\n        <td align="center" style="padding:0 16px;">\n          <table role="presentation" cellpadding="0" cellspacing="0" width="600" style="max-width:600px;width:100%;border-collapse:collapse;background:#ffffff;border:1px solid #e5e7eb;border-radius:12px;overflow:hidden;">\n            <!-- Header -->\n            <tr>\n              <td style="background:#111827;color:#fff;padding:18px 24px;">\n                <div style="font-size:16px;font-weight:700;letter-spacing:.2px;">MoviLab</div>\n                <div style="font-size:13px;opacity:.85;margin-top:2px;">Nouvelle demande de rendez-vous</div>\n              </td>\n            </tr>\n\n            <!-- Intro -->\n            <tr>\n              <td style="padding:20px 24px 0;">\n                <p style="margin:0 0 10px;font-size:15px;line-height:1.6;color:#374151;">Bonjour,</p>\n                <p style="margin:0 0 6px;font-size:15px;line-height:1.6;color:#374151;">\n                  <strong style="color:#111827;">fefef efefef</strong> souhaite réserver le service\n                  <strong style="color:#111827;">Pack prévention et douleurs</strong>.\n                </p>\n                <div style="font-size:14px;line-height:1.6;color:#374151;">\n                  Date/heure: <strong style="color:#111827;">vendredi 24 octobre 2025 à 14:00</strong>\n                  <div style="margin-top:4px;color:#374151;">Tarif : <strong style="color:#111827;">180,00 €</strong></div>\n                  <div style="margin-top:4px;color:#374151;">Durée : <strong style="color:#111827;">60 min</strong></div>\n                  \n    <div style="margin-top:2px;color:#374151;">Email : <a style="color:#2563eb;text-decoration:none;" href="mailto:efefe">efefe</a></div>\n    <div style="margin-top:2px;color:#374151;">Téléphone : <a style="color:#2563eb;text-decoration:none;" href="tel:fefef">fefef</a></div>\n  \n                </div>\n              </td>\n            </tr>\n\n            \n            \n      <tr>\n        <td style="padding:16px 24px 0;">\n          <h3 style="margin:0 0 8px;font-size:16px;line-height:1.35;color:#111827;">Notes du client</h3>\n          <div style="font-size:14px;line-height:1.6;color:#374151;background:#f9fafb;border:1px solid #e5e7eb;border-radius:8px;padding:12px 14px;">\n            Pas de commentaire.\n          </div>\n        </td>\n      </tr>\n    \n            \n\n            <!-- Footer -->\n            <tr>\n              <td style="padding:14px 24px 20px;border-top:1px solid #f3f4f6;">\n                <div style="font-size:12px;color:#6b7280;line-height:1.5;">\n                  Merci de votre réactivité,<br/>\n                  L’équipe MoviLab<br/>\n                  <span style="color:#9ca3af;">Cet email contient des liens d’action sécurisés et vous est destiné en tant que coach partenaire.</span>\n                </div>\n              </td>\n            </tr>\n\n          </table>\n        </td>\n      </tr>\n    </table>\n  </div>	2025-10-21 09:59:41.672794+00	2025-10-21 09:59:46.76706+00
28	galo.maldonado@humet.fr	Nouvelle demande de rendez-vous	\n  <div style="background:#f3f4f6;padding:24px 0;margin:0;">\n    <table role="presentation" cellpadding="0" cellspacing="0" width="100%" style="border-collapse:collapse;">\n      <tr>\n        <td align="center" style="padding:0 16px;">\n          <table role="presentation" cellpadding="0" cellspacing="0" width="600" style="max-width:600px;width:100%;border-collapse:collapse;background:#ffffff;border:1px solid #e5e7eb;border-radius:12px;overflow:hidden;">\n            <!-- Header -->\n            <tr>\n              <td style="background:#111827;color:#fff;padding:18px 24px;">\n                <div style="font-size:16px;font-weight:700;letter-spacing:.2px;">MoviLab</div>\n                <div style="font-size:13px;opacity:.85;margin-top:2px;">Nouvelle demande de rendez-vous</div>\n              </td>\n            </tr>\n\n            <!-- Intro -->\n            <tr>\n              <td style="padding:20px 24px 0;">\n                <p style="margin:0 0 10px;font-size:15px;line-height:1.6;color:#374151;">Bonjour,</p>\n                <p style="margin:0 0 6px;font-size:15px;line-height:1.6;color:#374151;">\n                  <strong style="color:#111827;">fefef efefef</strong> souhaite réserver le service\n                  <strong style="color:#111827;">Pack prévention et douleurs</strong>.\n                </p>\n                <div style="font-size:14px;line-height:1.6;color:#374151;">\n                  Date/heure: <strong style="color:#111827;">vendredi 24 octobre 2025 à 14:00</strong>\n                  <div style="margin-top:4px;color:#374151;">Tarif : <strong style="color:#111827;">180,00 €</strong></div>\n                  <div style="margin-top:4px;color:#374151;">Durée : <strong style="color:#111827;">60 min</strong></div>\n                  \n    <div style="margin-top:2px;color:#374151;">Email : <a style="color:#2563eb;text-decoration:none;" href="mailto:efefe">efefe</a></div>\n    <div style="margin-top:2px;color:#374151;">Téléphone : <a style="color:#2563eb;text-decoration:none;" href="tel:fefef">fefef</a></div>\n  \n                </div>\n              </td>\n            </tr>\n\n            \n            \n      <tr>\n        <td style="padding:16px 24px 0;">\n          <h3 style="margin:0 0 8px;font-size:16px;line-height:1.35;color:#111827;">Notes du client</h3>\n          <div style="font-size:14px;line-height:1.6;color:#374151;background:#f9fafb;border:1px solid #e5e7eb;border-radius:8px;padding:12px 14px;">\n            Pas de commentaire.\n          </div>\n        </td>\n      </tr>\n    \n            \n<tr>\n  <td style="padding:24px;">\n    <table role="presentation" cellpadding="0" cellspacing="0" width="100%" style="border-collapse:collapse;">\n      <tr>\n        <td align="center" style="padding-top:4px;">\n          <a href="http://movi-lab.fr//api/coach/requests/decision?token=8dc6ad68-a433-44a1-807f-e76a2b823dde&d=accept"\n             style="display:inline-block;background:#16a34a;color:#ffffff;text-decoration:none;\n                    font-weight:600;font-size:15px;padding:12px 20px;border-radius:6px;\n                    box-shadow:0 1px 3px rgba(0,0,0,0.1);">\n            Accepter la demande\n          </a>\n          <a href="http://movi-lab.fr//api/coach/requests/decision?token=8dc6ad68-a433-44a1-807f-e76a2b823dde&d=decline"\n             style="display:inline-block;background:#dc2626;color:#ffffff;text-decoration:none;\n                    font-weight:600;font-size:15px;padding:12px 20px;border-radius:6px;\n                    margin-left:12px;box-shadow:0 1px 3px rgba(0,0,0,0.1);">\n            Refuser la demande\n          </a>\n        </td>\n      </tr>\n    </table>\n  </td>\n</tr>\n\n            <!-- Footer -->\n            <tr>\n              <td style="padding:14px 24px 20px;border-top:1px solid #f3f4f6;">\n                <div style="font-size:12px;color:#6b7280;line-height:1.5;">\n                  Merci de votre réactivité,<br/>\n                  L’équipe MoviLab<br/>\n                  <span style="color:#9ca3af;">Cet email contient des liens d’action sécurisés et vous est destiné en tant que coach partenaire.</span>\n                </div>\n              </td>\n            </tr>\n\n          </table>\n        </td>\n      </tr>\n    </table>\n  </div>	2025-10-21 09:59:41.672794+00	2025-10-21 09:59:48.676805+00
29	gaetan.bougoula@orange.fr	Nouvelle demande de rendez-vous	\n  <div style="background:#f3f4f6;padding:24px 0;margin:0;">\n    <table role="presentation" cellpadding="0" cellspacing="0" width="100%" style="border-collapse:collapse;">\n      <tr>\n        <td align="center" style="padding:0 16px;">\n          <table role="presentation" cellpadding="0" cellspacing="0" width="600" style="max-width:600px;width:100%;border-collapse:collapse;background:#ffffff;border:1px solid #e5e7eb;border-radius:12px;overflow:hidden;">\n            <!-- Header -->\n            <tr>\n              <td style="background:#111827;color:#fff;padding:18px 24px;">\n                <div style="font-size:16px;font-weight:700;letter-spacing:.2px;">MoviLab</div>\n                <div style="font-size:13px;opacity:.85;margin-top:2px;">Nouvelle demande de rendez-vous</div>\n              </td>\n            </tr>\n\n            <!-- Intro -->\n            <tr>\n              <td style="padding:20px 24px 0;">\n                <p style="margin:0 0 10px;font-size:15px;line-height:1.6;color:#374151;">Bonjour,</p>\n                <p style="margin:0 0 6px;font-size:15px;line-height:1.6;color:#374151;">\n                  <strong style="color:#111827;">fefef efefef</strong> souhaite réserver le service\n                  <strong style="color:#111827;">Pack prévention et douleurs</strong>.\n                </p>\n                <div style="font-size:14px;line-height:1.6;color:#374151;">\n                  Date/heure: <strong style="color:#111827;">vendredi 24 octobre 2025 à 14:00</strong>\n                  <div style="margin-top:4px;color:#374151;">Tarif : <strong style="color:#111827;">180,00 €</strong></div>\n                  <div style="margin-top:4px;color:#374151;">Durée : <strong style="color:#111827;">60 min</strong></div>\n                  \n    <div style="margin-top:2px;color:#374151;">Email : <a style="color:#2563eb;text-decoration:none;" href="mailto:efefe">efefe</a></div>\n    <div style="margin-top:2px;color:#374151;">Téléphone : <a style="color:#2563eb;text-decoration:none;" href="tel:fefef">fefef</a></div>\n  \n                </div>\n              </td>\n            </tr>\n\n            \n            \n      <tr>\n        <td style="padding:16px 24px 0;">\n          <h3 style="margin:0 0 8px;font-size:16px;line-height:1.35;color:#111827;">Notes du client</h3>\n          <div style="font-size:14px;line-height:1.6;color:#374151;background:#f9fafb;border:1px solid #e5e7eb;border-radius:8px;padding:12px 14px;">\n            Pas de commentaire.\n          </div>\n        </td>\n      </tr>\n    \n            \n<tr>\n  <td style="padding:24px;">\n    <table role="presentation" cellpadding="0" cellspacing="0" width="100%" style="border-collapse:collapse;">\n      <tr>\n        <td align="center" style="padding-top:4px;">\n          <a href="http://movi-lab.fr//api/coach/requests/decision?token=30f1d8d4-936b-4802-8388-3dad25ca8270&d=accept"\n             style="display:inline-block;background:#16a34a;color:#ffffff;text-decoration:none;\n                    font-weight:600;font-size:15px;padding:12px 20px;border-radius:6px;\n                    box-shadow:0 1px 3px rgba(0,0,0,0.1);">\n            Accepter la demande\n          </a>\n          <a href="http://movi-lab.fr//api/coach/requests/decision?token=30f1d8d4-936b-4802-8388-3dad25ca8270&d=decline"\n             style="display:inline-block;background:#dc2626;color:#ffffff;text-decoration:none;\n                    font-weight:600;font-size:15px;padding:12px 20px;border-radius:6px;\n                    margin-left:12px;box-shadow:0 1px 3px rgba(0,0,0,0.1);">\n            Refuser la demande\n          </a>\n        </td>\n      </tr>\n    </table>\n  </td>\n</tr>\n\n            <!-- Footer -->\n            <tr>\n              <td style="padding:14px 24px 20px;border-top:1px solid #f3f4f6;">\n                <div style="font-size:12px;color:#6b7280;line-height:1.5;">\n                  Merci de votre réactivité,<br/>\n                  L’équipe MoviLab<br/>\n                  <span style="color:#9ca3af;">Cet email contient des liens d’action sécurisés et vous est destiné en tant que coach partenaire.</span>\n                </div>\n              </td>\n            </tr>\n\n          </table>\n        </td>\n      </tr>\n    </table>\n  </div>	2025-10-21 09:59:41.672794+00	2025-10-21 09:59:50.402004+00
30	gaetan.bougoula@humet.fr	Nouvelle demande de RDV (aucun coach dispo)	\n  <div style="background:#f3f4f6;padding:24px 0;margin:0;">\n    <table role="presentation" cellpadding="0" cellspacing="0" width="100%" style="border-collapse:collapse;">\n      <tr>\n        <td align="center" style="padding:0 16px;">\n          <table role="presentation" cellpadding="0" cellspacing="0" width="600" style="max-width:600px;width:100%;border-collapse:collapse;background:#ffffff;border:1px solid #e5e7eb;border-radius:12px;overflow:hidden;">\n            <!-- Header -->\n            <tr>\n              <td style="background:#111827;color:#fff;padding:18px 24px;">\n                <div style="font-size:16px;font-weight:700;letter-spacing:.2px;">MoviLab</div>\n                <div style="font-size:13px;opacity:.85;margin-top:2px;">Nouvelle demande de rendez-vous</div>\n              </td>\n            </tr>\n\n            <!-- Intro -->\n            <tr>\n              <td style="padding:20px 24px 0;">\n                <p style="margin:0 0 10px;font-size:15px;line-height:1.6;color:#374151;">Bonjour,</p>\n                <p style="margin:0 0 6px;font-size:15px;line-height:1.6;color:#374151;">\n                  <strong style="color:#111827;">fefefe fefe</strong> souhaite réserver le service\n                  <strong style="color:#111827;">Pack performance</strong>.\n                </p>\n                <div style="font-size:14px;line-height:1.6;color:#374151;">\n                  Date/heure: <strong style="color:#111827;">vendredi 24 octobre 2025 à 13:00</strong>\n                  <div style="margin-top:4px;color:#374151;">Tarif : <strong style="color:#111827;">230,00 €</strong></div>\n                  <div style="margin-top:4px;color:#374151;">Durée : <strong style="color:#111827;">90 min</strong></div>\n                  \n    <div style="margin-top:2px;color:#374151;">Email : <a style="color:#2563eb;text-decoration:none;" href="mailto:fefef">fefef</a></div>\n    <div style="margin-top:2px;color:#374151;">Téléphone : <a style="color:#2563eb;text-decoration:none;" href="tel:efefe">efefe</a></div>\n  \n                </div>\n              </td>\n            </tr>\n\n            \n            \n      <tr>\n        <td style="padding:16px 24px 0;">\n          <h3 style="margin:0 0 8px;font-size:16px;line-height:1.35;color:#111827;">Notes du client</h3>\n          <div style="font-size:14px;line-height:1.6;color:#374151;background:#f9fafb;border:1px solid #e5e7eb;border-radius:8px;padding:12px 14px;">\n            Pas de commentaire.\n          </div>\n        </td>\n      </tr>\n    \n            \n\n            <!-- Footer -->\n            <tr>\n              <td style="padding:14px 24px 20px;border-top:1px solid #f3f4f6;">\n                <div style="font-size:12px;color:#6b7280;line-height:1.5;">\n                  Merci de votre réactivité,<br/>\n                  L’équipe MoviLab<br/>\n                  <span style="color:#9ca3af;">Cet email contient des liens d’action sécurisés et vous est destiné en tant que coach partenaire.</span>\n                </div>\n              </td>\n            </tr>\n\n          </table>\n        </td>\n      </tr>\n    </table>\n  </div>	2025-10-21 10:02:18.219575+00	2025-10-21 10:02:21.094086+00
31	info@movi-lab.fr	Nouvelle demande de RDV (aucun coach dispo)	\n  <div style="background:#f3f4f6;padding:24px 0;margin:0;">\n    <table role="presentation" cellpadding="0" cellspacing="0" width="100%" style="border-collapse:collapse;">\n      <tr>\n        <td align="center" style="padding:0 16px;">\n          <table role="presentation" cellpadding="0" cellspacing="0" width="600" style="max-width:600px;width:100%;border-collapse:collapse;background:#ffffff;border:1px solid #e5e7eb;border-radius:12px;overflow:hidden;">\n            <!-- Header -->\n            <tr>\n              <td style="background:#111827;color:#fff;padding:18px 24px;">\n                <div style="font-size:16px;font-weight:700;letter-spacing:.2px;">MoviLab</div>\n                <div style="font-size:13px;opacity:.85;margin-top:2px;">Nouvelle demande de rendez-vous</div>\n              </td>\n            </tr>\n\n            <!-- Intro -->\n            <tr>\n              <td style="padding:20px 24px 0;">\n                <p style="margin:0 0 10px;font-size:15px;line-height:1.6;color:#374151;">Bonjour,</p>\n                <p style="margin:0 0 6px;font-size:15px;line-height:1.6;color:#374151;">\n                  <strong style="color:#111827;">fefefe fefe</strong> souhaite réserver le service\n                  <strong style="color:#111827;">Pack performance</strong>.\n                </p>\n                <div style="font-size:14px;line-height:1.6;color:#374151;">\n                  Date/heure: <strong style="color:#111827;">vendredi 24 octobre 2025 à 13:00</strong>\n                  <div style="margin-top:4px;color:#374151;">Tarif : <strong style="color:#111827;">230,00 €</strong></div>\n                  <div style="margin-top:4px;color:#374151;">Durée : <strong style="color:#111827;">90 min</strong></div>\n                  \n    <div style="margin-top:2px;color:#374151;">Email : <a style="color:#2563eb;text-decoration:none;" href="mailto:fefef">fefef</a></div>\n    <div style="margin-top:2px;color:#374151;">Téléphone : <a style="color:#2563eb;text-decoration:none;" href="tel:efefe">efefe</a></div>\n  \n                </div>\n              </td>\n            </tr>\n\n            \n            \n      <tr>\n        <td style="padding:16px 24px 0;">\n          <h3 style="margin:0 0 8px;font-size:16px;line-height:1.35;color:#111827;">Notes du client</h3>\n          <div style="font-size:14px;line-height:1.6;color:#374151;background:#f9fafb;border:1px solid #e5e7eb;border-radius:8px;padding:12px 14px;">\n            Pas de commentaire.\n          </div>\n        </td>\n      </tr>\n    \n            \n\n            <!-- Footer -->\n            <tr>\n              <td style="padding:14px 24px 20px;border-top:1px solid #f3f4f6;">\n                <div style="font-size:12px;color:#6b7280;line-height:1.5;">\n                  Merci de votre réactivité,<br/>\n                  L’équipe MoviLab<br/>\n                  <span style="color:#9ca3af;">Cet email contient des liens d’action sécurisés et vous est destiné en tant que coach partenaire.</span>\n                </div>\n              </td>\n            </tr>\n\n          </table>\n        </td>\n      </tr>\n    </table>\n  </div>	2025-10-21 10:02:18.219575+00	2025-10-21 10:02:22.953273+00
32	gaetan.bougoula@humet.fr	Nouvelle demande de RDV (coachs notifiés)	\n  <div style="background:#f3f4f6;padding:24px 0;margin:0;">\n    <table role="presentation" cellpadding="0" cellspacing="0" width="100%" style="border-collapse:collapse;">\n      <tr>\n        <td align="center" style="padding:0 16px;">\n          <table role="presentation" cellpadding="0" cellspacing="0" width="600" style="max-width:600px;width:100%;border-collapse:collapse;background:#ffffff;border:1px solid #e5e7eb;border-radius:12px;overflow:hidden;">\n            <!-- Header -->\n            <tr>\n              <td style="background:#111827;color:#fff;padding:18px 24px;">\n                <div style="font-size:16px;font-weight:700;letter-spacing:.2px;">MoviLab</div>\n                <div style="font-size:13px;opacity:.85;margin-top:2px;">Nouvelle demande de rendez-vous</div>\n              </td>\n            </tr>\n\n            <!-- Intro -->\n            <tr>\n              <td style="padding:20px 24px 0;">\n                <p style="margin:0 0 10px;font-size:15px;line-height:1.6;color:#374151;">Bonjour,</p>\n                <p style="margin:0 0 6px;font-size:15px;line-height:1.6;color:#374151;">\n                  <strong style="color:#111827;">sccscscs cscscs</strong> souhaite réserver le service\n                  <strong style="color:#111827;">Pack initial</strong>.\n                </p>\n                <div style="font-size:14px;line-height:1.6;color:#374151;">\n                  Date/heure: <strong style="color:#111827;">vendredi 31 octobre 2025 à 15:00</strong>\n                  <div style="margin-top:4px;color:#374151;">Tarif : <strong style="color:#111827;">99,00 €</strong></div>\n                  <div style="margin-top:4px;color:#374151;">Durée : <strong style="color:#111827;">45 min</strong></div>\n                  \n    <div style="margin-top:2px;color:#374151;">Email : <a style="color:#2563eb;text-decoration:none;" href="mailto:cscs">cscs</a></div>\n    <div style="margin-top:2px;color:#374151;">Téléphone : <a style="color:#2563eb;text-decoration:none;" href="tel:cscsc">cscsc</a></div>\n  \n                </div>\n              </td>\n            </tr>\n\n            \n            \n      <tr>\n        <td style="padding:16px 24px 0;">\n          <h3 style="margin:0 0 8px;font-size:16px;line-height:1.35;color:#111827;">Notes du client</h3>\n          <div style="font-size:14px;line-height:1.6;color:#374151;background:#f9fafb;border:1px solid #e5e7eb;border-radius:8px;padding:12px 14px;">\n            Pas de commentaire.<br/><br/>Suppléments choisis: Explication et programmation personnalisées (total options +50€)\n          </div>\n        </td>\n      </tr>\n    \n            \n\n            <!-- Footer -->\n            <tr>\n              <td style="padding:14px 24px 20px;border-top:1px solid #f3f4f6;">\n                <div style="font-size:12px;color:#6b7280;line-height:1.5;">\n                  Merci de votre réactivité,<br/>\n                  L’équipe MoviLab<br/>\n                  <span style="color:#9ca3af;">Cet email contient des liens d’action sécurisés et vous est destiné en tant que coach partenaire.</span>\n                </div>\n              </td>\n            </tr>\n\n          </table>\n        </td>\n      </tr>\n    </table>\n  </div>	2025-10-21 10:06:16.200028+00	2025-10-21 10:06:18.119402+00
33	info@movi-lab.fr	Nouvelle demande de RDV (coachs notifiés)	\n  <div style="background:#f3f4f6;padding:24px 0;margin:0;">\n    <table role="presentation" cellpadding="0" cellspacing="0" width="100%" style="border-collapse:collapse;">\n      <tr>\n        <td align="center" style="padding:0 16px;">\n          <table role="presentation" cellpadding="0" cellspacing="0" width="600" style="max-width:600px;width:100%;border-collapse:collapse;background:#ffffff;border:1px solid #e5e7eb;border-radius:12px;overflow:hidden;">\n            <!-- Header -->\n            <tr>\n              <td style="background:#111827;color:#fff;padding:18px 24px;">\n                <div style="font-size:16px;font-weight:700;letter-spacing:.2px;">MoviLab</div>\n                <div style="font-size:13px;opacity:.85;margin-top:2px;">Nouvelle demande de rendez-vous</div>\n              </td>\n            </tr>\n\n            <!-- Intro -->\n            <tr>\n              <td style="padding:20px 24px 0;">\n                <p style="margin:0 0 10px;font-size:15px;line-height:1.6;color:#374151;">Bonjour,</p>\n                <p style="margin:0 0 6px;font-size:15px;line-height:1.6;color:#374151;">\n                  <strong style="color:#111827;">sccscscs cscscs</strong> souhaite réserver le service\n                  <strong style="color:#111827;">Pack initial</strong>.\n                </p>\n                <div style="font-size:14px;line-height:1.6;color:#374151;">\n                  Date/heure: <strong style="color:#111827;">vendredi 31 octobre 2025 à 15:00</strong>\n                  <div style="margin-top:4px;color:#374151;">Tarif : <strong style="color:#111827;">99,00 €</strong></div>\n                  <div style="margin-top:4px;color:#374151;">Durée : <strong style="color:#111827;">45 min</strong></div>\n                  \n    <div style="margin-top:2px;color:#374151;">Email : <a style="color:#2563eb;text-decoration:none;" href="mailto:cscs">cscs</a></div>\n    <div style="margin-top:2px;color:#374151;">Téléphone : <a style="color:#2563eb;text-decoration:none;" href="tel:cscsc">cscsc</a></div>\n  \n                </div>\n              </td>\n            </tr>\n\n            \n            \n      <tr>\n        <td style="padding:16px 24px 0;">\n          <h3 style="margin:0 0 8px;font-size:16px;line-height:1.35;color:#111827;">Notes du client</h3>\n          <div style="font-size:14px;line-height:1.6;color:#374151;background:#f9fafb;border:1px solid #e5e7eb;border-radius:8px;padding:12px 14px;">\n            Pas de commentaire.<br/><br/>Suppléments choisis: Explication et programmation personnalisées (total options +50€)\n          </div>\n        </td>\n      </tr>\n    \n            \n\n            <!-- Footer -->\n            <tr>\n              <td style="padding:14px 24px 20px;border-top:1px solid #f3f4f6;">\n                <div style="font-size:12px;color:#6b7280;line-height:1.5;">\n                  Merci de votre réactivité,<br/>\n                  L’équipe MoviLab<br/>\n                  <span style="color:#9ca3af;">Cet email contient des liens d’action sécurisés et vous est destiné en tant que coach partenaire.</span>\n                </div>\n              </td>\n            </tr>\n\n          </table>\n        </td>\n      </tr>\n    </table>\n  </div>	2025-10-21 10:06:16.200028+00	2025-10-21 10:06:19.556683+00
34	gaetan.bougoula@orange.fr	Nouvelle demande de rendez-vous	\n  <div style="background:#f3f4f6;padding:24px 0;margin:0;">\n    <table role="presentation" cellpadding="0" cellspacing="0" width="100%" style="border-collapse:collapse;">\n      <tr>\n        <td align="center" style="padding:0 16px;">\n          <table role="presentation" cellpadding="0" cellspacing="0" width="600" style="max-width:600px;width:100%;border-collapse:collapse;background:#ffffff;border:1px solid #e5e7eb;border-radius:12px;overflow:hidden;">\n            <!-- Header -->\n            <tr>\n              <td style="background:#111827;color:#fff;padding:18px 24px;">\n                <div style="font-size:16px;font-weight:700;letter-spacing:.2px;">MoviLab</div>\n                <div style="font-size:13px;opacity:.85;margin-top:2px;">Nouvelle demande de rendez-vous</div>\n              </td>\n            </tr>\n\n            <!-- Intro -->\n            <tr>\n              <td style="padding:20px 24px 0;">\n                <p style="margin:0 0 10px;font-size:15px;line-height:1.6;color:#374151;">Bonjour,</p>\n                <p style="margin:0 0 6px;font-size:15px;line-height:1.6;color:#374151;">\n                  <strong style="color:#111827;">sccscscs cscscs</strong> souhaite réserver le service\n                  <strong style="color:#111827;">Pack initial</strong>.\n                </p>\n                <div style="font-size:14px;line-height:1.6;color:#374151;">\n                  Date/heure: <strong style="color:#111827;">vendredi 31 octobre 2025 à 15:00</strong>\n                  <div style="margin-top:4px;color:#374151;">Tarif : <strong style="color:#111827;">99,00 €</strong></div>\n                  <div style="margin-top:4px;color:#374151;">Durée : <strong style="color:#111827;">45 min</strong></div>\n                  \n    <div style="margin-top:2px;color:#374151;">Email : <a style="color:#2563eb;text-decoration:none;" href="mailto:cscs">cscs</a></div>\n    <div style="margin-top:2px;color:#374151;">Téléphone : <a style="color:#2563eb;text-decoration:none;" href="tel:cscsc">cscsc</a></div>\n  \n                </div>\n              </td>\n            </tr>\n\n            \n            \n      <tr>\n        <td style="padding:16px 24px 0;">\n          <h3 style="margin:0 0 8px;font-size:16px;line-height:1.35;color:#111827;">Notes du client</h3>\n          <div style="font-size:14px;line-height:1.6;color:#374151;background:#f9fafb;border:1px solid #e5e7eb;border-radius:8px;padding:12px 14px;">\n            Pas de commentaire.<br/><br/>Suppléments choisis: Explication et programmation personnalisées (total options +50€)\n          </div>\n        </td>\n      </tr>\n    \n            \n<tr>\n  <td style="padding:24px;">\n    <table role="presentation" cellpadding="0" cellspacing="0" width="100%" style="border-collapse:collapse;">\n      <tr>\n        <td align="center" style="padding-top:4px;">\n          <a href="http://movi-lab.fr//api/coach/requests/decision?token=6ffcbf8a-7b96-4d59-8e5a-1c794fe07379&d=accept"\n             style="display:inline-block;background:#16a34a;color:#ffffff;text-decoration:none;\n                    font-weight:600;font-size:15px;padding:12px 20px;border-radius:6px;\n                    box-shadow:0 1px 3px rgba(0,0,0,0.1);">\n            Accepter la demande\n          </a>\n          <a href="http://movi-lab.fr//api/coach/requests/decision?token=6ffcbf8a-7b96-4d59-8e5a-1c794fe07379&d=decline"\n             style="display:inline-block;background:#dc2626;color:#ffffff;text-decoration:none;\n                    font-weight:600;font-size:15px;padding:12px 20px;border-radius:6px;\n                    margin-left:12px;box-shadow:0 1px 3px rgba(0,0,0,0.1);">\n            Refuser la demande\n          </a>\n        </td>\n      </tr>\n    </table>\n  </td>\n</tr>\n\n            <!-- Footer -->\n            <tr>\n              <td style="padding:14px 24px 20px;border-top:1px solid #f3f4f6;">\n                <div style="font-size:12px;color:#6b7280;line-height:1.5;">\n                  Merci de votre réactivité,<br/>\n                  L’équipe MoviLab<br/>\n                  <span style="color:#9ca3af;">Cet email contient des liens d’action sécurisés et vous est destiné en tant que coach partenaire.</span>\n                </div>\n              </td>\n            </tr>\n\n          </table>\n        </td>\n      </tr>\n    </table>\n  </div>	2025-10-21 10:06:16.200028+00	2025-10-21 10:06:21.296753+00
35	galo.maldonado@humet.fr	Nouvelle demande de rendez-vous	\n  <div style="background:#f3f4f6;padding:24px 0;margin:0;">\n    <table role="presentation" cellpadding="0" cellspacing="0" width="100%" style="border-collapse:collapse;">\n      <tr>\n        <td align="center" style="padding:0 16px;">\n          <table role="presentation" cellpadding="0" cellspacing="0" width="600" style="max-width:600px;width:100%;border-collapse:collapse;background:#ffffff;border:1px solid #e5e7eb;border-radius:12px;overflow:hidden;">\n            <!-- Header -->\n            <tr>\n              <td style="background:#111827;color:#fff;padding:18px 24px;">\n                <div style="font-size:16px;font-weight:700;letter-spacing:.2px;">MoviLab</div>\n                <div style="font-size:13px;opacity:.85;margin-top:2px;">Nouvelle demande de rendez-vous</div>\n              </td>\n            </tr>\n\n            <!-- Intro -->\n            <tr>\n              <td style="padding:20px 24px 0;">\n                <p style="margin:0 0 10px;font-size:15px;line-height:1.6;color:#374151;">Bonjour,</p>\n                <p style="margin:0 0 6px;font-size:15px;line-height:1.6;color:#374151;">\n                  <strong style="color:#111827;">sccscscs cscscs</strong> souhaite réserver le service\n                  <strong style="color:#111827;">Pack initial</strong>.\n                </p>\n                <div style="font-size:14px;line-height:1.6;color:#374151;">\n                  Date/heure: <strong style="color:#111827;">vendredi 31 octobre 2025 à 15:00</strong>\n                  <div style="margin-top:4px;color:#374151;">Tarif : <strong style="color:#111827;">99,00 €</strong></div>\n                  <div style="margin-top:4px;color:#374151;">Durée : <strong style="color:#111827;">45 min</strong></div>\n                  \n    <div style="margin-top:2px;color:#374151;">Email : <a style="color:#2563eb;text-decoration:none;" href="mailto:cscs">cscs</a></div>\n    <div style="margin-top:2px;color:#374151;">Téléphone : <a style="color:#2563eb;text-decoration:none;" href="tel:cscsc">cscsc</a></div>\n  \n                </div>\n              </td>\n            </tr>\n\n            \n            \n      <tr>\n        <td style="padding:16px 24px 0;">\n          <h3 style="margin:0 0 8px;font-size:16px;line-height:1.35;color:#111827;">Notes du client</h3>\n          <div style="font-size:14px;line-height:1.6;color:#374151;background:#f9fafb;border:1px solid #e5e7eb;border-radius:8px;padding:12px 14px;">\n            Pas de commentaire.<br/><br/>Suppléments choisis: Explication et programmation personnalisées (total options +50€)\n          </div>\n        </td>\n      </tr>\n    \n            \n<tr>\n  <td style="padding:24px;">\n    <table role="presentation" cellpadding="0" cellspacing="0" width="100%" style="border-collapse:collapse;">\n      <tr>\n        <td align="center" style="padding-top:4px;">\n          <a href="http://movi-lab.fr//api/coach/requests/decision?token=4ff9b96f-9497-449a-931d-60e20e596786&d=accept"\n             style="display:inline-block;background:#16a34a;color:#ffffff;text-decoration:none;\n                    font-weight:600;font-size:15px;padding:12px 20px;border-radius:6px;\n                    box-shadow:0 1px 3px rgba(0,0,0,0.1);">\n            Accepter la demande\n          </a>\n          <a href="http://movi-lab.fr//api/coach/requests/decision?token=4ff9b96f-9497-449a-931d-60e20e596786&d=decline"\n             style="display:inline-block;background:#dc2626;color:#ffffff;text-decoration:none;\n                    font-weight:600;font-size:15px;padding:12px 20px;border-radius:6px;\n                    margin-left:12px;box-shadow:0 1px 3px rgba(0,0,0,0.1);">\n            Refuser la demande\n          </a>\n        </td>\n      </tr>\n    </table>\n  </td>\n</tr>\n\n            <!-- Footer -->\n            <tr>\n              <td style="padding:14px 24px 20px;border-top:1px solid #f3f4f6;">\n                <div style="font-size:12px;color:#6b7280;line-height:1.5;">\n                  Merci de votre réactivité,<br/>\n                  L’équipe MoviLab<br/>\n                  <span style="color:#9ca3af;">Cet email contient des liens d’action sécurisés et vous est destiné en tant que coach partenaire.</span>\n                </div>\n              </td>\n            </tr>\n\n          </table>\n        </td>\n      </tr>\n    </table>\n  </div>	2025-10-21 10:06:16.200028+00	2025-10-21 10:06:23.26877+00
36	info@movi-lab.fr	Nouvelle demande de RDV (coachs notifiés)	\n  <div style="background:#f3f4f6;padding:24px 0;margin:0;">\n    <table role="presentation" cellpadding="0" cellspacing="0" width="100%" style="border-collapse:collapse;">\n      <tr>\n        <td align="center" style="padding:0 16px;">\n          <table role="presentation" cellpadding="0" cellspacing="0" width="600" style="max-width:600px;width:100%;border-collapse:collapse;background:#ffffff;border:1px solid #e5e7eb;border-radius:12px;overflow:hidden;">\n            <!-- Header -->\n            <tr>\n              <td style="background:#111827;color:#fff;padding:18px 24px;">\n                <div style="font-size:16px;font-weight:700;letter-spacing:.2px;">MoviLab</div>\n                <div style="font-size:13px;opacity:.85;margin-top:2px;">Nouvelle demande de rendez-vous</div>\n              </td>\n            </tr>\n\n            <!-- Intro -->\n            <tr>\n              <td style="padding:20px 24px 0;">\n                <p style="margin:0 0 10px;font-size:15px;line-height:1.6;color:#374151;">Bonjour,</p>\n                <p style="margin:0 0 6px;font-size:15px;line-height:1.6;color:#374151;">\n                  <strong style="color:#111827;">efefefe fefef</strong> souhaite réserver le service\n                  <strong style="color:#111827;">Pack initial</strong>.\n                </p>\n                <div style="font-size:14px;line-height:1.6;color:#374151;">\n                  Date/heure: <strong style="color:#111827;">vendredi 31 octobre 2025 à 14:00</strong>\n                  <div style="margin-top:4px;color:#374151;">Tarif : <strong style="color:#111827;">99,00 €</strong></div>\n                  <div style="margin-top:4px;color:#374151;">Durée : <strong style="color:#111827;">45 min</strong></div>\n                  \n    <div style="margin-top:2px;color:#374151;">Email : <a style="color:#2563eb;text-decoration:none;" href="mailto:fefefe">fefefe</a></div>\n    <div style="margin-top:2px;color:#374151;">Téléphone : <a style="color:#2563eb;text-decoration:none;" href="tel:fefefefefe">fefefefefe</a></div>\n  \n                </div>\n              </td>\n            </tr>\n\n            \n            \n      <tr>\n        <td style="padding:16px 24px 0;">\n          <h3 style="margin:0 0 8px;font-size:16px;line-height:1.35;color:#111827;">Notes du client</h3>\n          <div style="font-size:14px;line-height:1.6;color:#374151;background:#f9fafb;border:1px solid #e5e7eb;border-radius:8px;padding:12px 14px;">\n            Pas de commentaire.<br/><br/>Suppléments choisis: Explication et programmation personnalisées (total options +50€)\n          </div>\n        </td>\n      </tr>\n    \n            \n\n            <!-- Footer -->\n            <tr>\n              <td style="padding:14px 24px 20px;border-top:1px solid #f3f4f6;">\n                <div style="font-size:12px;color:#6b7280;line-height:1.5;">\n                  Merci de votre réactivité,<br/>\n                  L’équipe MoviLab<br/>\n                  <span style="color:#9ca3af;">Cet email contient des liens d’action sécurisés et vous est destiné en tant que coach partenaire.</span>\n                </div>\n              </td>\n            </tr>\n\n          </table>\n        </td>\n      </tr>\n    </table>\n  </div>	2025-10-21 10:13:59.650196+00	2025-10-21 10:14:02.371733+00
38	gaetan.bougoula@orange.fr	Nouvelle demande de rendez-vous	\n  <div style="background:#f3f4f6;padding:24px 0;margin:0;">\n    <table role="presentation" cellpadding="0" cellspacing="0" width="100%" style="border-collapse:collapse;">\n      <tr>\n        <td align="center" style="padding:0 16px;">\n          <table role="presentation" cellpadding="0" cellspacing="0" width="600" style="max-width:600px;width:100%;border-collapse:collapse;background:#ffffff;border:1px solid #e5e7eb;border-radius:12px;overflow:hidden;">\n            <!-- Header -->\n            <tr>\n              <td style="background:#111827;color:#fff;padding:18px 24px;">\n                <div style="font-size:16px;font-weight:700;letter-spacing:.2px;">MoviLab</div>\n                <div style="font-size:13px;opacity:.85;margin-top:2px;">Nouvelle demande de rendez-vous</div>\n              </td>\n            </tr>\n\n            <!-- Intro -->\n            <tr>\n              <td style="padding:20px 24px 0;">\n                <p style="margin:0 0 10px;font-size:15px;line-height:1.6;color:#374151;">Bonjour,</p>\n                <p style="margin:0 0 6px;font-size:15px;line-height:1.6;color:#374151;">\n                  <strong style="color:#111827;">efefefe fefef</strong> souhaite réserver le service\n                  <strong style="color:#111827;">Pack initial</strong>.\n                </p>\n                <div style="font-size:14px;line-height:1.6;color:#374151;">\n                  Date/heure: <strong style="color:#111827;">vendredi 31 octobre 2025 à 14:00</strong>\n                  <div style="margin-top:4px;color:#374151;">Tarif : <strong style="color:#111827;">99,00 €</strong></div>\n                  <div style="margin-top:4px;color:#374151;">Durée : <strong style="color:#111827;">45 min</strong></div>\n                  \n    <div style="margin-top:2px;color:#374151;">Email : <a style="color:#2563eb;text-decoration:none;" href="mailto:fefefe">fefefe</a></div>\n    <div style="margin-top:2px;color:#374151;">Téléphone : <a style="color:#2563eb;text-decoration:none;" href="tel:fefefefefe">fefefefefe</a></div>\n  \n                </div>\n              </td>\n            </tr>\n\n            \n            \n      <tr>\n        <td style="padding:16px 24px 0;">\n          <h3 style="margin:0 0 8px;font-size:16px;line-height:1.35;color:#111827;">Notes du client</h3>\n          <div style="font-size:14px;line-height:1.6;color:#374151;background:#f9fafb;border:1px solid #e5e7eb;border-radius:8px;padding:12px 14px;">\n            Pas de commentaire.<br/><br/>Suppléments choisis: Explication et programmation personnalisées (total options +50€)\n          </div>\n        </td>\n      </tr>\n    \n            \n<tr>\n  <td style="padding:24px;">\n    <table role="presentation" cellpadding="0" cellspacing="0" width="100%" style="border-collapse:collapse;">\n      <tr>\n        <td align="center" style="padding-top:4px;">\n          <a href="http://movi-lab.fr//api/coach/requests/decision?token=ac3a9a0d-da53-48c3-92ef-da55cbe4bdfb&d=accept"\n             style="display:inline-block;background:#16a34a;color:#ffffff;text-decoration:none;\n                    font-weight:600;font-size:15px;padding:12px 20px;border-radius:6px;\n                    box-shadow:0 1px 3px rgba(0,0,0,0.1);">\n            Accepter la demande\n          </a>\n          <a href="http://movi-lab.fr//api/coach/requests/decision?token=ac3a9a0d-da53-48c3-92ef-da55cbe4bdfb&d=decline"\n             style="display:inline-block;background:#dc2626;color:#ffffff;text-decoration:none;\n                    font-weight:600;font-size:15px;padding:12px 20px;border-radius:6px;\n                    margin-left:12px;box-shadow:0 1px 3px rgba(0,0,0,0.1);">\n            Refuser la demande\n          </a>\n        </td>\n      </tr>\n    </table>\n  </td>\n</tr>\n\n            <!-- Footer -->\n            <tr>\n              <td style="padding:14px 24px 20px;border-top:1px solid #f3f4f6;">\n                <div style="font-size:12px;color:#6b7280;line-height:1.5;">\n                  Merci de votre réactivité,<br/>\n                  L’équipe MoviLab<br/>\n                  <span style="color:#9ca3af;">Cet email contient des liens d’action sécurisés et vous est destiné en tant que coach partenaire.</span>\n                </div>\n              </td>\n            </tr>\n\n          </table>\n        </td>\n      </tr>\n    </table>\n  </div>	2025-10-21 10:13:59.650196+00	2025-10-21 10:14:05.700873+00
37	athleat.coaching@gmail.com	Nouvelle demande de rendez-vous	\n  <div style="background:#f3f4f6;padding:24px 0;margin:0;">\n    <table role="presentation" cellpadding="0" cellspacing="0" width="100%" style="border-collapse:collapse;">\n      <tr>\n        <td align="center" style="padding:0 16px;">\n          <table role="presentation" cellpadding="0" cellspacing="0" width="600" style="max-width:600px;width:100%;border-collapse:collapse;background:#ffffff;border:1px solid #e5e7eb;border-radius:12px;overflow:hidden;">\n            <!-- Header -->\n            <tr>\n              <td style="background:#111827;color:#fff;padding:18px 24px;">\n                <div style="font-size:16px;font-weight:700;letter-spacing:.2px;">MoviLab</div>\n                <div style="font-size:13px;opacity:.85;margin-top:2px;">Nouvelle demande de rendez-vous</div>\n              </td>\n            </tr>\n\n            <!-- Intro -->\n            <tr>\n              <td style="padding:20px 24px 0;">\n                <p style="margin:0 0 10px;font-size:15px;line-height:1.6;color:#374151;">Bonjour,</p>\n                <p style="margin:0 0 6px;font-size:15px;line-height:1.6;color:#374151;">\n                  <strong style="color:#111827;">efefefe fefef</strong> souhaite réserver le service\n                  <strong style="color:#111827;">Pack initial</strong>.\n                </p>\n                <div style="font-size:14px;line-height:1.6;color:#374151;">\n                  Date/heure: <strong style="color:#111827;">vendredi 31 octobre 2025 à 14:00</strong>\n                  <div style="margin-top:4px;color:#374151;">Tarif : <strong style="color:#111827;">99,00 €</strong></div>\n                  <div style="margin-top:4px;color:#374151;">Durée : <strong style="color:#111827;">45 min</strong></div>\n                  \n    <div style="margin-top:2px;color:#374151;">Email : <a style="color:#2563eb;text-decoration:none;" href="mailto:fefefe">fefefe</a></div>\n    <div style="margin-top:2px;color:#374151;">Téléphone : <a style="color:#2563eb;text-decoration:none;" href="tel:fefefefefe">fefefefefe</a></div>\n  \n                </div>\n              </td>\n            </tr>\n\n            \n            \n      <tr>\n        <td style="padding:16px 24px 0;">\n          <h3 style="margin:0 0 8px;font-size:16px;line-height:1.35;color:#111827;">Notes du client</h3>\n          <div style="font-size:14px;line-height:1.6;color:#374151;background:#f9fafb;border:1px solid #e5e7eb;border-radius:8px;padding:12px 14px;">\n            Pas de commentaire.<br/><br/>Suppléments choisis: Explication et programmation personnalisées (total options +50€)\n          </div>\n        </td>\n      </tr>\n    \n            \n<tr>\n  <td style="padding:24px;">\n    <table role="presentation" cellpadding="0" cellspacing="0" width="100%" style="border-collapse:collapse;">\n      <tr>\n        <td align="center" style="padding-top:4px;">\n          <a href="http://movi-lab.fr//api/coach/requests/decision?token=38b28438-8e75-461f-be94-74a2c20304ff&d=accept"\n             style="display:inline-block;background:#16a34a;color:#ffffff;text-decoration:none;\n                    font-weight:600;font-size:15px;padding:12px 20px;border-radius:6px;\n                    box-shadow:0 1px 3px rgba(0,0,0,0.1);">\n            Accepter la demande\n          </a>\n          <a href="http://movi-lab.fr//api/coach/requests/decision?token=38b28438-8e75-461f-be94-74a2c20304ff&d=decline"\n             style="display:inline-block;background:#dc2626;color:#ffffff;text-decoration:none;\n                    font-weight:600;font-size:15px;padding:12px 20px;border-radius:6px;\n                    margin-left:12px;box-shadow:0 1px 3px rgba(0,0,0,0.1);">\n            Refuser la demande\n          </a>\n        </td>\n      </tr>\n    </table>\n  </td>\n</tr>\n\n            <!-- Footer -->\n            <tr>\n              <td style="padding:14px 24px 20px;border-top:1px solid #f3f4f6;">\n                <div style="font-size:12px;color:#6b7280;line-height:1.5;">\n                  Merci de votre réactivité,<br/>\n                  L’équipe MoviLab<br/>\n                  <span style="color:#9ca3af;">Cet email contient des liens d’action sécurisés et vous est destiné en tant que coach partenaire.</span>\n                </div>\n              </td>\n            </tr>\n\n          </table>\n        </td>\n      </tr>\n    </table>\n  </div>	2025-10-21 10:13:59.650196+00	2025-10-21 10:14:03.960017+00
39	galo.maldonado@humet.fr	Nouvelle demande de rendez-vous	\n  <div style="background:#f3f4f6;padding:24px 0;margin:0;">\n    <table role="presentation" cellpadding="0" cellspacing="0" width="100%" style="border-collapse:collapse;">\n      <tr>\n        <td align="center" style="padding:0 16px;">\n          <table role="presentation" cellpadding="0" cellspacing="0" width="600" style="max-width:600px;width:100%;border-collapse:collapse;background:#ffffff;border:1px solid #e5e7eb;border-radius:12px;overflow:hidden;">\n            <!-- Header -->\n            <tr>\n              <td style="background:#111827;color:#fff;padding:18px 24px;">\n                <div style="font-size:16px;font-weight:700;letter-spacing:.2px;">MoviLab</div>\n                <div style="font-size:13px;opacity:.85;margin-top:2px;">Nouvelle demande de rendez-vous</div>\n              </td>\n            </tr>\n\n            <!-- Intro -->\n            <tr>\n              <td style="padding:20px 24px 0;">\n                <p style="margin:0 0 10px;font-size:15px;line-height:1.6;color:#374151;">Bonjour,</p>\n                <p style="margin:0 0 6px;font-size:15px;line-height:1.6;color:#374151;">\n                  <strong style="color:#111827;">efefefe fefef</strong> souhaite réserver le service\n                  <strong style="color:#111827;">Pack initial</strong>.\n                </p>\n                <div style="font-size:14px;line-height:1.6;color:#374151;">\n                  Date/heure: <strong style="color:#111827;">vendredi 31 octobre 2025 à 14:00</strong>\n                  <div style="margin-top:4px;color:#374151;">Tarif : <strong style="color:#111827;">99,00 €</strong></div>\n                  <div style="margin-top:4px;color:#374151;">Durée : <strong style="color:#111827;">45 min</strong></div>\n                  \n    <div style="margin-top:2px;color:#374151;">Email : <a style="color:#2563eb;text-decoration:none;" href="mailto:fefefe">fefefe</a></div>\n    <div style="margin-top:2px;color:#374151;">Téléphone : <a style="color:#2563eb;text-decoration:none;" href="tel:fefefefefe">fefefefefe</a></div>\n  \n                </div>\n              </td>\n            </tr>\n\n            \n            \n      <tr>\n        <td style="padding:16px 24px 0;">\n          <h3 style="margin:0 0 8px;font-size:16px;line-height:1.35;color:#111827;">Notes du client</h3>\n          <div style="font-size:14px;line-height:1.6;color:#374151;background:#f9fafb;border:1px solid #e5e7eb;border-radius:8px;padding:12px 14px;">\n            Pas de commentaire.<br/><br/>Suppléments choisis: Explication et programmation personnalisées (total options +50€)\n          </div>\n        </td>\n      </tr>\n    \n            \n<tr>\n  <td style="padding:24px;">\n    <table role="presentation" cellpadding="0" cellspacing="0" width="100%" style="border-collapse:collapse;">\n      <tr>\n        <td align="center" style="padding-top:4px;">\n          <a href="http://movi-lab.fr//api/coach/requests/decision?token=a2c828ba-84bc-465b-994e-69e1d7ccb2dd&d=accept"\n             style="display:inline-block;background:#16a34a;color:#ffffff;text-decoration:none;\n                    font-weight:600;font-size:15px;padding:12px 20px;border-radius:6px;\n                    box-shadow:0 1px 3px rgba(0,0,0,0.1);">\n            Accepter la demande\n          </a>\n          <a href="http://movi-lab.fr//api/coach/requests/decision?token=a2c828ba-84bc-465b-994e-69e1d7ccb2dd&d=decline"\n             style="display:inline-block;background:#dc2626;color:#ffffff;text-decoration:none;\n                    font-weight:600;font-size:15px;padding:12px 20px;border-radius:6px;\n                    margin-left:12px;box-shadow:0 1px 3px rgba(0,0,0,0.1);">\n            Refuser la demande\n          </a>\n        </td>\n      </tr>\n    </table>\n  </td>\n</tr>\n\n            <!-- Footer -->\n            <tr>\n              <td style="padding:14px 24px 20px;border-top:1px solid #f3f4f6;">\n                <div style="font-size:12px;color:#6b7280;line-height:1.5;">\n                  Merci de votre réactivité,<br/>\n                  L’équipe MoviLab<br/>\n                  <span style="color:#9ca3af;">Cet email contient des liens d’action sécurisés et vous est destiné en tant que coach partenaire.</span>\n                </div>\n              </td>\n            </tr>\n\n          </table>\n        </td>\n      </tr>\n    </table>\n  </div>	2025-10-21 10:13:59.650196+00	2025-10-21 10:14:07.469966+00
40	info@movi-lab.fr	Nouvelle demande de RDV (coachs notifiés)	\n  <div style="background:#f3f4f6;padding:24px 0;margin:0;">\n    <table role="presentation" cellpadding="0" cellspacing="0" width="100%" style="border-collapse:collapse;">\n      <tr>\n        <td align="center" style="padding:0 16px;">\n          <table role="presentation" cellpadding="0" cellspacing="0" width="600" style="max-width:600px;width:100%;border-collapse:collapse;background:#ffffff;border:1px solid #e5e7eb;border-radius:12px;overflow:hidden;">\n            <!-- Header -->\n            <tr>\n              <td style="background:#111827;color:#fff;padding:18px 24px;">\n                <div style="font-size:16px;font-weight:700;letter-spacing:.2px;">MoviLab</div>\n                <div style="font-size:13px;opacity:.85;margin-top:2px;">Nouvelle demande de rendez-vous</div>\n              </td>\n            </tr>\n\n            <!-- Intro -->\n            <tr>\n              <td style="padding:20px 24px 0;">\n                <p style="margin:0 0 10px;font-size:15px;line-height:1.6;color:#374151;">Bonjour,</p>\n                <p style="margin:0 0 6px;font-size:15px;line-height:1.6;color:#374151;">\n                  <strong style="color:#111827;">pierre bauguil</strong> souhaite réserver le service\n                  <strong style="color:#111827;">Pack performance</strong>.\n                </p>\n                <div style="font-size:14px;line-height:1.6;color:#374151;">\n                  Date/heure: <strong style="color:#111827;">vendredi 31 octobre 2025 à 13:00</strong>\n                  <div style="margin-top:4px;color:#374151;">Tarif : <strong style="color:#111827;">230,00 €</strong></div>\n                  <div style="margin-top:4px;color:#374151;">Durée : <strong style="color:#111827;">90 min</strong></div>\n                  \n    <div style="margin-top:2px;color:#374151;">Email : <a style="color:#2563eb;text-decoration:none;" href="mailto:pierrebauguil@gmail.com">pierrebauguil@gmail.com</a></div>\n    <div style="margin-top:2px;color:#374151;">Téléphone : <a style="color:#2563eb;text-decoration:none;" href="tel:0676888522">0676888522</a></div>\n  \n                </div>\n              </td>\n            </tr>\n\n            \n            \n      <tr>\n        <td style="padding:16px 24px 0;">\n          <h3 style="margin:0 0 8px;font-size:16px;line-height:1.35;color:#111827;">Notes du client</h3>\n          <div style="font-size:14px;line-height:1.6;color:#374151;background:#f9fafb;border:1px solid #e5e7eb;border-radius:8px;padding:12px 14px;">\n            Pas de commentaire.\n          </div>\n        </td>\n      </tr>\n    \n            \n\n            <!-- Footer -->\n            <tr>\n              <td style="padding:14px 24px 20px;border-top:1px solid #f3f4f6;">\n                <div style="font-size:12px;color:#6b7280;line-height:1.5;">\n                  Merci de votre réactivité,<br/>\n                  L’équipe MoviLab<br/>\n                  <span style="color:#9ca3af;">Cet email contient des liens d’action sécurisés et vous est destiné en tant que coach partenaire.</span>\n                </div>\n              </td>\n            </tr>\n\n          </table>\n        </td>\n      </tr>\n    </table>\n  </div>	2025-10-22 12:59:26.644492+00	2025-10-22 12:59:29.353583+00
41	athleat.coaching@gmail.com	Nouvelle demande de rendez-vous	\n  <div style="background:#f3f4f6;padding:24px 0;margin:0;">\n    <table role="presentation" cellpadding="0" cellspacing="0" width="100%" style="border-collapse:collapse;">\n      <tr>\n        <td align="center" style="padding:0 16px;">\n          <table role="presentation" cellpadding="0" cellspacing="0" width="600" style="max-width:600px;width:100%;border-collapse:collapse;background:#ffffff;border:1px solid #e5e7eb;border-radius:12px;overflow:hidden;">\n            <!-- Header -->\n            <tr>\n              <td style="background:#111827;color:#fff;padding:18px 24px;">\n                <div style="font-size:16px;font-weight:700;letter-spacing:.2px;">MoviLab</div>\n                <div style="font-size:13px;opacity:.85;margin-top:2px;">Nouvelle demande de rendez-vous</div>\n              </td>\n            </tr>\n\n            <!-- Intro -->\n            <tr>\n              <td style="padding:20px 24px 0;">\n                <p style="margin:0 0 10px;font-size:15px;line-height:1.6;color:#374151;">Bonjour,</p>\n                <p style="margin:0 0 6px;font-size:15px;line-height:1.6;color:#374151;">\n                  <strong style="color:#111827;">pierre bauguil</strong> souhaite réserver le service\n                  <strong style="color:#111827;">Pack performance</strong>.\n                </p>\n                <div style="font-size:14px;line-height:1.6;color:#374151;">\n                  Date/heure: <strong style="color:#111827;">vendredi 31 octobre 2025 à 13:00</strong>\n                  <div style="margin-top:4px;color:#374151;">Tarif : <strong style="color:#111827;">230,00 €</strong></div>\n                  <div style="margin-top:4px;color:#374151;">Durée : <strong style="color:#111827;">90 min</strong></div>\n                  \n    <div style="margin-top:2px;color:#374151;">Email : <a style="color:#2563eb;text-decoration:none;" href="mailto:pierrebauguil@gmail.com">pierrebauguil@gmail.com</a></div>\n    <div style="margin-top:2px;color:#374151;">Téléphone : <a style="color:#2563eb;text-decoration:none;" href="tel:0676888522">0676888522</a></div>\n  \n                </div>\n              </td>\n            </tr>\n\n            \n            \n      <tr>\n        <td style="padding:16px 24px 0;">\n          <h3 style="margin:0 0 8px;font-size:16px;line-height:1.35;color:#111827;">Notes du client</h3>\n          <div style="font-size:14px;line-height:1.6;color:#374151;background:#f9fafb;border:1px solid #e5e7eb;border-radius:8px;padding:12px 14px;">\n            Pas de commentaire.\n          </div>\n        </td>\n      </tr>\n    \n            \n<tr>\n  <td style="padding:24px;">\n    <table role="presentation" cellpadding="0" cellspacing="0" width="100%" style="border-collapse:collapse;">\n      <tr>\n        <td align="center" style="padding-top:4px;">\n          <a href="http://movi-lab.fr//api/coach/requests/decision?token=be220c30-be10-43a0-8fbf-93f39c9ba142&d=accept"\n             style="display:inline-block;background:#16a34a;color:#ffffff;text-decoration:none;\n                    font-weight:600;font-size:15px;padding:12px 20px;border-radius:6px;\n                    box-shadow:0 1px 3px rgba(0,0,0,0.1);">\n            Accepter la demande\n          </a>\n          <a href="http://movi-lab.fr//api/coach/requests/decision?token=be220c30-be10-43a0-8fbf-93f39c9ba142&d=decline"\n             style="display:inline-block;background:#dc2626;color:#ffffff;text-decoration:none;\n                    font-weight:600;font-size:15px;padding:12px 20px;border-radius:6px;\n                    margin-left:12px;box-shadow:0 1px 3px rgba(0,0,0,0.1);">\n            Refuser la demande\n          </a>\n        </td>\n      </tr>\n    </table>\n  </td>\n</tr>\n\n            <!-- Footer -->\n            <tr>\n              <td style="padding:14px 24px 20px;border-top:1px solid #f3f4f6;">\n                <div style="font-size:12px;color:#6b7280;line-height:1.5;">\n                  Merci de votre réactivité,<br/>\n                  L’équipe MoviLab<br/>\n                  <span style="color:#9ca3af;">Cet email contient des liens d’action sécurisés et vous est destiné en tant que coach partenaire.</span>\n                </div>\n              </td>\n            </tr>\n\n          </table>\n        </td>\n      </tr>\n    </table>\n  </div>	2025-10-22 12:59:26.644492+00	2025-10-22 12:59:30.960391+00
42	gaetan.bougoula@orange.fr	Nouvelle demande de rendez-vous	\n  <div style="background:#f3f4f6;padding:24px 0;margin:0;">\n    <table role="presentation" cellpadding="0" cellspacing="0" width="100%" style="border-collapse:collapse;">\n      <tr>\n        <td align="center" style="padding:0 16px;">\n          <table role="presentation" cellpadding="0" cellspacing="0" width="600" style="max-width:600px;width:100%;border-collapse:collapse;background:#ffffff;border:1px solid #e5e7eb;border-radius:12px;overflow:hidden;">\n            <!-- Header -->\n            <tr>\n              <td style="background:#111827;color:#fff;padding:18px 24px;">\n                <div style="font-size:16px;font-weight:700;letter-spacing:.2px;">MoviLab</div>\n                <div style="font-size:13px;opacity:.85;margin-top:2px;">Nouvelle demande de rendez-vous</div>\n              </td>\n            </tr>\n\n            <!-- Intro -->\n            <tr>\n              <td style="padding:20px 24px 0;">\n                <p style="margin:0 0 10px;font-size:15px;line-height:1.6;color:#374151;">Bonjour,</p>\n                <p style="margin:0 0 6px;font-size:15px;line-height:1.6;color:#374151;">\n                  <strong style="color:#111827;">pierre bauguil</strong> souhaite réserver le service\n                  <strong style="color:#111827;">Pack performance</strong>.\n                </p>\n                <div style="font-size:14px;line-height:1.6;color:#374151;">\n                  Date/heure: <strong style="color:#111827;">vendredi 31 octobre 2025 à 13:00</strong>\n                  <div style="margin-top:4px;color:#374151;">Tarif : <strong style="color:#111827;">230,00 €</strong></div>\n                  <div style="margin-top:4px;color:#374151;">Durée : <strong style="color:#111827;">90 min</strong></div>\n                  \n    <div style="margin-top:2px;color:#374151;">Email : <a style="color:#2563eb;text-decoration:none;" href="mailto:pierrebauguil@gmail.com">pierrebauguil@gmail.com</a></div>\n    <div style="margin-top:2px;color:#374151;">Téléphone : <a style="color:#2563eb;text-decoration:none;" href="tel:0676888522">0676888522</a></div>\n  \n                </div>\n              </td>\n            </tr>\n\n            \n            \n      <tr>\n        <td style="padding:16px 24px 0;">\n          <h3 style="margin:0 0 8px;font-size:16px;line-height:1.35;color:#111827;">Notes du client</h3>\n          <div style="font-size:14px;line-height:1.6;color:#374151;background:#f9fafb;border:1px solid #e5e7eb;border-radius:8px;padding:12px 14px;">\n            Pas de commentaire.\n          </div>\n        </td>\n      </tr>\n    \n            \n<tr>\n  <td style="padding:24px;">\n    <table role="presentation" cellpadding="0" cellspacing="0" width="100%" style="border-collapse:collapse;">\n      <tr>\n        <td align="center" style="padding-top:4px;">\n          <a href="http://movi-lab.fr//api/coach/requests/decision?token=26aba1dd-3587-4fa4-9c4e-5e473da7a201&d=accept"\n             style="display:inline-block;background:#16a34a;color:#ffffff;text-decoration:none;\n                    font-weight:600;font-size:15px;padding:12px 20px;border-radius:6px;\n                    box-shadow:0 1px 3px rgba(0,0,0,0.1);">\n            Accepter la demande\n          </a>\n          <a href="http://movi-lab.fr//api/coach/requests/decision?token=26aba1dd-3587-4fa4-9c4e-5e473da7a201&d=decline"\n             style="display:inline-block;background:#dc2626;color:#ffffff;text-decoration:none;\n                    font-weight:600;font-size:15px;padding:12px 20px;border-radius:6px;\n                    margin-left:12px;box-shadow:0 1px 3px rgba(0,0,0,0.1);">\n            Refuser la demande\n          </a>\n        </td>\n      </tr>\n    </table>\n  </td>\n</tr>\n\n            <!-- Footer -->\n            <tr>\n              <td style="padding:14px 24px 20px;border-top:1px solid #f3f4f6;">\n                <div style="font-size:12px;color:#6b7280;line-height:1.5;">\n                  Merci de votre réactivité,<br/>\n                  L’équipe MoviLab<br/>\n                  <span style="color:#9ca3af;">Cet email contient des liens d’action sécurisés et vous est destiné en tant que coach partenaire.</span>\n                </div>\n              </td>\n            </tr>\n\n          </table>\n        </td>\n      </tr>\n    </table>\n  </div>	2025-10-22 12:59:26.644492+00	2025-10-22 12:59:33.105301+00
\.


--
-- Data for Name: service_items; Type: TABLE DATA; Schema: public; Owner: -
--

COPY public.service_items (id, service_id, icon, title, description, sort_order, is_active, created_at) FROM stdin;
543	5	runningMan	Analyse posturale membres inférieurs	Tu comprends ta posture de course pour repérer d’éventuels déséquilibres au niveau de tes articulations : pieds, chevilles, genoux et hanches. Tu apprends quels muscles il faut renforcer et quels exercices (drills) mettre en place pour optimiser tes gestes et prévenir les douleurs en course à pied.	0	t	2025-10-14 12:17:55.860686+00
544	5	chart	Analyse et proposition de chaussures	On analyse tes chaussures et ta foulée. Tu reçois des recommandations pour choisir la paire adaptée, optimiser ta course et diminuer tes douleurs. Nous utilisons une base de données de plus de 5000 paires de chaussures.	0	t	2025-10-14 12:17:55.860686+00
545	5	note	Restitution des résultats	Tu repars avec tes résultats et tes programmes. Nous axons nos conseils sur l'optimisation de ta foulée et sur la prévention des blessures. 	0	t	2025-10-14 12:17:55.860686+00
546	5	userfriend	Accompagnement	Grace à nos coachs partenaires tu peux te faire accompagner à la suite de ta restitution avec un prix préférentiel. Avances à ton rythme avec un suivi sur mesure.	0	t	2025-10-14 12:17:55.860686+00
547	5	barbell	Bilan musculaire appareil locomoteur (+50 euros)	Tu identifies des déficits de recrutement musculaire lors des mouvements fonctionnels (préparation physique general) et tu reçois des exercices ciblés pour renforcer tes points faibles, optimiser ta foulée et protéger ton corps.	0	t	2025-10-14 12:17:55.860686+00
548	5	userfriend	Explication et programmation personnalisées (+ 50 euros)	Tu bénéficieras d’une programmation personnalisée conçue par un coach running expert, qui tiendra compte de ton profil, ton rythme, tes forces et tes ambitions. Des programmes clairs et adaptés avec des exercices faciles à mettre en pratique lors de ton quotidien.	0	t	2025-10-14 12:17:55.860686+00
507	2	runningMan	Analyse technique de course	Tu découvres ta technique de course et identifies les stratégies susceptibles d’engendrer des surcharges. Tu reçois des recommandations pour optimiser ta technique de course.	0	t	2025-10-14 07:43:58.6403+00
508	2	simpleMan	Analyse posturale	Tu comprends ta posture de course pour repérer d’éventuels déséquilibres au niveau de tes articulations. Tu apprends quels muscles il faut renforcer et quels exercices (drills) mettre en place pour optimiser ton geste et prévenir les douleurs en course à pied, afin de courir plus sereinement.	0	t	2025-10-14 07:43:58.6403+00
509	2	backpain	Évaluation des gestes mal adaptés à la douleur	Tu comprends quels mouvements éviter ou corriger pour limiter les risques de blessures.	0	t	2025-10-14 07:43:58.6403+00
510	2	barbell	Bilan musculaire appareil locomoteur	Tu identifies des déficits de recrutement musculaire lors des mouvements fonctionnels (préparation physique general) et tu reçois des exercices ciblés pour renforcer tes points faibles et protéger ton corps.	0	t	2025-10-14 07:43:58.6403+00
511	2	shoes	Proposition de chaussures et conseil technique	Tu reçois des recommandations pour choisir la paire adaptée et diminuer tes douleurs. Nous utilisons ton analyse de course à pied et une base de données de plus de 5 000 paires de chaussures pour sélectionner avec toi la paire la mieux adaptée.	0	t	2025-10-14 07:43:58.6403+00
512	2	note	Restitution personnalisée	Tu reçois une restitution personnalisée sous 7 jours par l’un de nos coachs running spécialisés, et tu repars avec un compte‐rendu clair, adapté et facile à mettre en pratique dans tes entraînements.	0	t	2025-10-14 07:43:58.6403+00
513	2	userfriend	Accompagnement	Grace à nos coachs partenaires tu peux te faire accompagner à la suite de ta restitution avec un prix préférentiel. Avances à ton rythme avec un suivi sur mesure.	0	t	2025-10-14 07:43:58.6403+00
535	1	userfriend	Bilan nutrition et hydratation	Lors de l'entretien de 45 minutes (en présentiel ou vidéo), notre coach spécialisé en nutrition et en course à pied identifie tes habitudes, besoins et freins pour définir ou améliorer ta stratégie nutrition-hydratation. Il analyse ta situation et, si besoin, il défini une feuille de route d’accompagnement.	0	t	2025-10-14 07:58:28.490828+00
536	1	userfriend	Bilan préparation mentale	Lors de l'entretien de 45 minutes (en présentiel ou vidéo), notre préparateur mental explore tes freins et tes ressources cognitives, évalue ta motivation et ta capacité de concentration, afin d’analyser ta situation et, si besoin, définir une feuille de route d’accompagnement.	0	t	2025-10-14 07:58:28.490828+00
521	6	runningMan	Analyse technique de course	Tu découvres ta technique de course et identifies les stratégies pour diminuer ton travail mécanique et améliorer ta VO2Max. Tu reçois des recommandations pour optimiser ta technique de course.	0	t	2025-10-14 07:54:05.735562+00
522	6	simpleMan	Analyse posturale	Tu comprends ta posture de course pour repérer d’éventuels déséquilibres au niveau de tes articulations. Tu apprends quels muscles il faut renforcer et quels exercices (drills) mettre en place pour optimiser ton geste et prévenir les douleurs en course à pied, afin de optimiser ta performance.	0	t	2025-10-14 07:54:05.735562+00
523	6	zap	Analyse vitesse	Tu comprends comment ta technique est modifiée selon les variations de vitesse, et nous te donnons des conseils pour mieux gérer ta course.	0	t	2025-10-14 07:54:05.735562+00
524	6	chart	Bilan musculaire appareil locomoteur	Tu identifies des déficits de recrutement musculaire lors des mouvements fonctionnels (préparation physique général) et tu reçois des exercices ciblés pour renforcer tes points faibles et progresser.	0	t	2025-10-14 07:54:05.735562+00
525	6	sneaker	Analyse et proposition de chaussures avec conseil technique	Tu compares tes paires des chaussures et tu reçois des recommandations pour choisir la paire mieux adaptée pour ta performance. Nous utilisons ton analyse de course à pied et une base de données de plus de 5000 paires de chaussures pour te faire des nouvelles propositions.	0	t	2025-10-14 07:54:05.735562+00
526	6	note	Restitution personnalisée	Tu reçois une restitution personnalisée par l’un de nos coachs running spécialisés, et tu repars avec un compte‐rendu clair, adapté et facile à mettre en pratique dans tes entraînements.	0	t	2025-10-14 07:54:05.735562+00
527	6	userfriend	Accompagnement	Grace à nos coachs partenaires tu peux te faire accompagner à la suite de ta restitution avec un prix préférentiel. Avances à ton rythme avec un suivi sur mesure.	0	t	2025-10-14 07:54:05.735562+00
528	1	runningMan	Analyse technique de course	Tu découvres ta technique de course et identifies les stratégies pour diminuer ton travail mécanique et améliorer ta VO2Max. Tu reçois des recommandations pour optimiser ta technique de course.	0	t	2025-10-14 07:58:28.490828+00
529	1	simpleMan	Analyse posturale	Tu comprends ta posture de course pour repérer d’éventuels déséquilibres au niveau de tes articulations. Tu apprends quels muscles il faut renforcer et quels exercices (drills) mettre en place pour optimiser ton geste et prévenir les douleurs en course à pied, afin de optimiser ta performance.	0	t	2025-10-14 07:58:28.490828+00
530	1	zap	Analyse vitesse	Tu comprends comment ta technique est modifiée selon les variations de vitesse, et nous te donnons des conseils pour mieux gérer ta course.	0	t	2025-10-14 07:58:28.490828+00
531	1	barbell	Bilan musculaire appareil locomoteur	Tu identifies des déficits de recrutement musculaire lors des mouvements fonctionnels (préparation physique général) et tu reçois des exercices ciblés pour renforcer tes points faibles et progresser.	0	t	2025-10-14 07:58:28.490828+00
532	1	shoes	Analyse et proposition de chaussures avec conseil technique	Tu compares tes paires des chaussures et tu reçois des recommandations pour choisir la paire mieux adaptée pour ta performance. Nous utilisons ton analyse de course à pied et une base de données de plus de 5000 paires de chaussures pour te faire des nouvelles propositions.	0	t	2025-10-14 07:58:28.490828+00
533	1	note	Restitution personnalisée	Tu reçois une restitution personnalisée par l’un de nos coachs running spécialisés, et tu repars avec un compte‐rendu clair, adapté et facile à mettre en pratique dans tes entraînements. 	0	t	2025-10-14 07:58:28.490828+00
534	1	userfriend	Accompagnement	Grace à nos coachs partenaires tu peux te faire accompagner à la suite de ta restitution avec un prix préférentiel. Avances à ton rythme avec un suivi sur mesure. 	0	t	2025-10-14 07:58:28.490828+00
\.


--
-- Data for Name: service_supplements; Type: TABLE DATA; Schema: public; Owner: -
--

COPY public.service_supplements (service_id, supplement_id) FROM stdin;
5	1
5	2
\.


--
-- Data for Name: services; Type: TABLE DATA; Schema: public; Owner: -
--

COPY public.services (id, name, description, price, duration_minutes, is_active, created_at, updated_at, slug, color) FROM stdin;
2	Pack prévention et douleurs	Ce pack t'aide à comprendre les causes de tes douleurs en course à pied ainsi que d'identifier les gestes non adaptés, les déséquilibres et les points à renforcer, pour réduire le risque de blessure avant qu’il n’apparaisse.	180.00	60	t	2025-09-16 07:58:28.537186+00	2025-10-14 07:43:58.6403+00	-ack-prevention-et-douleurs	bg-emerald-500
6	Pack performance	Ce pack te propose une vision de ta foulé, de ta posture, de tes muscles ainsi que de tes chaussures pour comprendre ton corps dans son ensemble et cibler ton entrainement.	230.00	90	t	2025-10-13 08:56:24.994942+00	2025-10-14 07:54:05.735562+00	-ack-performance	bg-orange-500
1	Pack performance gold	Ce pack te propose une vision complète de ta foulée, de ta posture, de tes muscles, de ta nutrition, de tes chaussures ainsi que de ta préparation mentale pour comprendre ton corps dans son ensemble et cibler ton entrainement.	280.00	90	t	2025-09-16 07:22:19.261177+00	2025-10-14 07:58:28.490828+00	-ack-performance-gold	bg-orange-500
5	Pack initial	Ce pack te permet d'améliorer ta foulée et d’identifier les gestes à risque, les déséquilibres et les points à renforcer, pour courir mieux et réduire le risque de blessure. T’aider à protéger ton corps, corriger ta technique et renforcer tes muscles pour que tu puisses courir en toute sécurité et durablement.	99.00	45	t	2025-09-26 15:22:41.105483+00	2025-10-14 12:17:55.860686+00	-ack-initial	bg-indigo-500
\.


--
-- Data for Name: supplements; Type: TABLE DATA; Schema: public; Owner: -
--

COPY public.supplements (id, name, description, price, is_active, created_at, updated_at) FROM stdin;
1	Bilan musculaire appareil locomoteur	Tu identifies des déficits de recrutement musculaire lors des mouvements fonctionnels (préparation physique general) et tu reçois des exercices ciblés pour renforcer tes points faibles, optimiser ta foulée et protéger ton corps.	50.00	t	2025-10-21 09:22:46.451433+00	2025-10-21 09:22:46.451433+00
2	Explication et programmation personnalisées	Tu bénéficieras d’une programmation personnalisée conçue par un coach running expert, qui tiendra compte de ton profil, ton rythme, tes forces et tes ambitions. Des programmes clairs et adaptés avec des exercices faciles à mettre en pratique lors de ton quotidien.	50.00	t	2025-10-21 09:22:46.451433+00	2025-10-21 09:22:46.451433+00
\.


--
-- Name: admins_id_seq; Type: SEQUENCE SET; Schema: public; Owner: -
--

SELECT pg_catalog.setval('public.admins_id_seq', 2, true);


--
-- Name: analysis_reports_id_seq; Type: SEQUENCE SET; Schema: public; Owner: -
--

SELECT pg_catalog.setval('public.analysis_reports_id_seq', 1, false);


--
-- Name: appointment_candidates_id_seq; Type: SEQUENCE SET; Schema: public; Owner: -
--

SELECT pg_catalog.setval('public.appointment_candidates_id_seq', 32, true);


--
-- Name: appointment_requests_id_seq; Type: SEQUENCE SET; Schema: public; Owner: -
--

SELECT pg_catalog.setval('public.appointment_requests_id_seq', 24, true);


--
-- Name: appointments_id_seq; Type: SEQUENCE SET; Schema: public; Owner: -
--

SELECT pg_catalog.setval('public.appointments_id_seq', 11, true);


--
-- Name: clients_id_seq; Type: SEQUENCE SET; Schema: public; Owner: -
--

SELECT pg_catalog.setval('public.clients_id_seq', 19, true);


--
-- Name: coach_availability_exceptions_id_seq; Type: SEQUENCE SET; Schema: public; Owner: -
--

SELECT pg_catalog.setval('public.coach_availability_exceptions_id_seq', 2, true);


--
-- Name: coach_availability_rules_id_seq; Type: SEQUENCE SET; Schema: public; Owner: -
--

SELECT pg_catalog.setval('public.coach_availability_rules_id_seq', 11, true);


--
-- Name: coaches_id_seq; Type: SEQUENCE SET; Schema: public; Owner: -
--

SELECT pg_catalog.setval('public.coaches_id_seq', 5, true);


--
-- Name: email_outbox_id_seq; Type: SEQUENCE SET; Schema: public; Owner: -
--

SELECT pg_catalog.setval('public.email_outbox_id_seq', 42, true);


--
-- Name: service_items_id_seq; Type: SEQUENCE SET; Schema: public; Owner: -
--

SELECT pg_catalog.setval('public.service_items_id_seq', 548, true);


--
-- Name: services_id_seq; Type: SEQUENCE SET; Schema: public; Owner: -
--

SELECT pg_catalog.setval('public.services_id_seq', 6, true);


--
-- Name: supplements_id_seq; Type: SEQUENCE SET; Schema: public; Owner: -
--

SELECT pg_catalog.setval('public.supplements_id_seq', 2, true);


--
-- Name: admins admins_pkey; Type: CONSTRAINT; Schema: public; Owner: -
--

ALTER TABLE ONLY public.admins
    ADD CONSTRAINT admins_pkey PRIMARY KEY (id);


--
-- Name: analysis_reports analysis_reports_pkey; Type: CONSTRAINT; Schema: public; Owner: -
--

ALTER TABLE ONLY public.analysis_reports
    ADD CONSTRAINT analysis_reports_pkey PRIMARY KEY (id);


--
-- Name: appointment_candidates appointment_candidates_pkey; Type: CONSTRAINT; Schema: public; Owner: -
--

ALTER TABLE ONLY public.appointment_candidates
    ADD CONSTRAINT appointment_candidates_pkey PRIMARY KEY (id);


--
-- Name: appointment_candidates appointment_candidates_request_id_coach_id_key; Type: CONSTRAINT; Schema: public; Owner: -
--

ALTER TABLE ONLY public.appointment_candidates
    ADD CONSTRAINT appointment_candidates_request_id_coach_id_key UNIQUE (request_id, coach_id);


--
-- Name: appointment_request_supplements appointment_request_supplements_pkey; Type: CONSTRAINT; Schema: public; Owner: -
--

ALTER TABLE ONLY public.appointment_request_supplements
    ADD CONSTRAINT appointment_request_supplements_pkey PRIMARY KEY (request_id, supplement_id);


--
-- Name: appointment_requests appointment_requests_pkey; Type: CONSTRAINT; Schema: public; Owner: -
--

ALTER TABLE ONLY public.appointment_requests
    ADD CONSTRAINT appointment_requests_pkey PRIMARY KEY (id);


--
-- Name: appointments appointments_pkey; Type: CONSTRAINT; Schema: public; Owner: -
--

ALTER TABLE ONLY public.appointments
    ADD CONSTRAINT appointments_pkey PRIMARY KEY (id);


--
-- Name: clients clients_pkey; Type: CONSTRAINT; Schema: public; Owner: -
--

ALTER TABLE ONLY public.clients
    ADD CONSTRAINT clients_pkey PRIMARY KEY (id);


--
-- Name: coach_availability_exceptions coach_availability_exceptions_coach_id_date_key; Type: CONSTRAINT; Schema: public; Owner: -
--

ALTER TABLE ONLY public.coach_availability_exceptions
    ADD CONSTRAINT coach_availability_exceptions_coach_id_date_key UNIQUE (coach_id, date);


--
-- Name: coach_availability_exceptions coach_availability_exceptions_pkey; Type: CONSTRAINT; Schema: public; Owner: -
--

ALTER TABLE ONLY public.coach_availability_exceptions
    ADD CONSTRAINT coach_availability_exceptions_pkey PRIMARY KEY (id);


--
-- Name: coach_availability_rules coach_availability_rules_pkey; Type: CONSTRAINT; Schema: public; Owner: -
--

ALTER TABLE ONLY public.coach_availability_rules
    ADD CONSTRAINT coach_availability_rules_pkey PRIMARY KEY (id);


--
-- Name: coach_services coach_services_pkey; Type: CONSTRAINT; Schema: public; Owner: -
--

ALTER TABLE ONLY public.coach_services
    ADD CONSTRAINT coach_services_pkey PRIMARY KEY (coach_id, service_id);


--
-- Name: coaches coaches_pkey; Type: CONSTRAINT; Schema: public; Owner: -
--

ALTER TABLE ONLY public.coaches
    ADD CONSTRAINT coaches_pkey PRIMARY KEY (id);


--
-- Name: email_outbox email_outbox_pkey; Type: CONSTRAINT; Schema: public; Owner: -
--

ALTER TABLE ONLY public.email_outbox
    ADD CONSTRAINT email_outbox_pkey PRIMARY KEY (id);


--
-- Name: appointments excl_appointments_coach_overlap; Type: CONSTRAINT; Schema: public; Owner: -
--

ALTER TABLE ONLY public.appointments
    ADD CONSTRAINT excl_appointments_coach_overlap EXCLUDE USING gist (coach_id WITH =, slot WITH &&);


--
-- Name: service_items service_items_pkey; Type: CONSTRAINT; Schema: public; Owner: -
--

ALTER TABLE ONLY public.service_items
    ADD CONSTRAINT service_items_pkey PRIMARY KEY (id);


--
-- Name: service_supplements service_supplements_pkey; Type: CONSTRAINT; Schema: public; Owner: -
--

ALTER TABLE ONLY public.service_supplements
    ADD CONSTRAINT service_supplements_pkey PRIMARY KEY (service_id, supplement_id);


--
-- Name: services services_pkey; Type: CONSTRAINT; Schema: public; Owner: -
--

ALTER TABLE ONLY public.services
    ADD CONSTRAINT services_pkey PRIMARY KEY (id);


--
-- Name: supplements supplements_pkey; Type: CONSTRAINT; Schema: public; Owner: -
--

ALTER TABLE ONLY public.supplements
    ADD CONSTRAINT supplements_pkey PRIMARY KEY (id);


--
-- Name: idx_analysis_reports_client; Type: INDEX; Schema: public; Owner: -
--

CREATE INDEX idx_analysis_reports_client ON public.analysis_reports USING btree (client_id);


--
-- Name: idx_analysis_reports_data; Type: INDEX; Schema: public; Owner: -
--

CREATE INDEX idx_analysis_reports_data ON public.analysis_reports USING gin (report_data);


--
-- Name: idx_appointments_client_time; Type: INDEX; Schema: public; Owner: -
--

CREATE INDEX idx_appointments_client_time ON public.appointments USING btree (client_id, starts_at);


--
-- Name: idx_appointments_coach_time; Type: INDEX; Schema: public; Owner: -
--

CREATE INDEX idx_appointments_coach_time ON public.appointments USING btree (coach_id, starts_at);


--
-- Name: idx_appointments_service_time; Type: INDEX; Schema: public; Owner: -
--

CREATE INDEX idx_appointments_service_time ON public.appointments USING btree (service_id, starts_at);


--
-- Name: idx_appointments_status_time; Type: INDEX; Schema: public; Owner: -
--

CREATE INDEX idx_appointments_status_time ON public.appointments USING btree (status, starts_at);


--
-- Name: idx_appt_candidates_coach; Type: INDEX; Schema: public; Owner: -
--

CREATE INDEX idx_appt_candidates_coach ON public.appointment_candidates USING btree (coach_id);


--
-- Name: idx_appt_candidates_decision; Type: INDEX; Schema: public; Owner: -
--

CREATE INDEX idx_appt_candidates_decision ON public.appointment_candidates USING btree (decision);


--
-- Name: idx_appt_candidates_req; Type: INDEX; Schema: public; Owner: -
--

CREATE INDEX idx_appt_candidates_req ON public.appointment_candidates USING btree (request_id);


--
-- Name: idx_appt_candidates_token; Type: INDEX; Schema: public; Owner: -
--

CREATE INDEX idx_appt_candidates_token ON public.appointment_candidates USING btree (decision_token);


--
-- Name: idx_appt_req_service; Type: INDEX; Schema: public; Owner: -
--

CREATE INDEX idx_appt_req_service ON public.appointment_requests USING btree (service_id);


--
-- Name: idx_appt_req_service_time; Type: INDEX; Schema: public; Owner: -
--

CREATE INDEX idx_appt_req_service_time ON public.appointment_requests USING btree (service_id, starts_at);


--
-- Name: idx_appt_req_status_time; Type: INDEX; Schema: public; Owner: -
--

CREATE INDEX idx_appt_req_status_time ON public.appointment_requests USING btree (status, starts_at);


--
-- Name: idx_av_rules_coach_weekday; Type: INDEX; Schema: public; Owner: -
--

CREATE INDEX idx_av_rules_coach_weekday ON public.coach_availability_rules USING btree (coach_id, weekday) WHERE is_active;


--
-- Name: idx_email_outbox_sent_at; Type: INDEX; Schema: public; Owner: -
--

CREATE INDEX idx_email_outbox_sent_at ON public.email_outbox USING btree (sent_at);


--
-- Name: idx_email_outbox_to_email; Type: INDEX; Schema: public; Owner: -
--

CREATE INDEX idx_email_outbox_to_email ON public.email_outbox USING btree (to_email);


--
-- Name: service_items_active_idx; Type: INDEX; Schema: public; Owner: -
--

CREATE INDEX service_items_active_idx ON public.service_items USING btree (is_active);


--
-- Name: service_items_service_id_idx; Type: INDEX; Schema: public; Owner: -
--

CREATE INDEX service_items_service_id_idx ON public.service_items USING btree (service_id);


--
-- Name: services_slug_key; Type: INDEX; Schema: public; Owner: -
--

CREATE UNIQUE INDEX services_slug_key ON public.services USING btree (slug);


--
-- Name: ux_admins_email_lower; Type: INDEX; Schema: public; Owner: -
--

CREATE UNIQUE INDEX ux_admins_email_lower ON public.admins USING btree (lower((email)::text));


--
-- Name: ux_clients_email_lower; Type: INDEX; Schema: public; Owner: -
--

CREATE UNIQUE INDEX ux_clients_email_lower ON public.clients USING btree (lower((email)::text));


--
-- Name: ux_coaches_email_lower; Type: INDEX; Schema: public; Owner: -
--

CREATE UNIQUE INDEX ux_coaches_email_lower ON public.coaches USING btree (lower((email)::text));


--
-- Name: admins trg_admins_updated_at; Type: TRIGGER; Schema: public; Owner: -
--

CREATE TRIGGER trg_admins_updated_at BEFORE UPDATE ON public.admins FOR EACH ROW EXECUTE FUNCTION public.set_updated_at();


--
-- Name: appointments trg_appointments_updated_at; Type: TRIGGER; Schema: public; Owner: -
--

CREATE TRIGGER trg_appointments_updated_at BEFORE UPDATE ON public.appointments FOR EACH ROW EXECUTE FUNCTION public.set_updated_at();


--
-- Name: clients trg_clients_updated_at; Type: TRIGGER; Schema: public; Owner: -
--

CREATE TRIGGER trg_clients_updated_at BEFORE UPDATE ON public.clients FOR EACH ROW EXECUTE FUNCTION public.set_updated_at();


--
-- Name: coaches trg_coaches_updated_at; Type: TRIGGER; Schema: public; Owner: -
--

CREATE TRIGGER trg_coaches_updated_at BEFORE UPDATE ON public.coaches FOR EACH ROW EXECUTE FUNCTION public.set_updated_at();


--
-- Name: services trg_services_set_slug; Type: TRIGGER; Schema: public; Owner: -
--

CREATE TRIGGER trg_services_set_slug BEFORE INSERT OR UPDATE OF name, slug ON public.services FOR EACH ROW EXECUTE FUNCTION public.set_services_slug();


--
-- Name: services trg_services_updated_at; Type: TRIGGER; Schema: public; Owner: -
--

CREATE TRIGGER trg_services_updated_at BEFORE UPDATE ON public.services FOR EACH ROW EXECUTE FUNCTION public.set_updated_at();


--
-- Name: analysis_reports analysis_reports_appointment_id_fkey; Type: FK CONSTRAINT; Schema: public; Owner: -
--

ALTER TABLE ONLY public.analysis_reports
    ADD CONSTRAINT analysis_reports_appointment_id_fkey FOREIGN KEY (appointment_id) REFERENCES public.appointments(id) ON DELETE CASCADE;


--
-- Name: analysis_reports analysis_reports_client_id_fkey; Type: FK CONSTRAINT; Schema: public; Owner: -
--

ALTER TABLE ONLY public.analysis_reports
    ADD CONSTRAINT analysis_reports_client_id_fkey FOREIGN KEY (client_id) REFERENCES public.clients(id) ON DELETE CASCADE;


--
-- Name: appointment_candidates appointment_candidates_coach_id_fkey; Type: FK CONSTRAINT; Schema: public; Owner: -
--

ALTER TABLE ONLY public.appointment_candidates
    ADD CONSTRAINT appointment_candidates_coach_id_fkey FOREIGN KEY (coach_id) REFERENCES public.coaches(id) ON DELETE CASCADE;


--
-- Name: appointment_candidates appointment_candidates_request_id_fkey; Type: FK CONSTRAINT; Schema: public; Owner: -
--

ALTER TABLE ONLY public.appointment_candidates
    ADD CONSTRAINT appointment_candidates_request_id_fkey FOREIGN KEY (request_id) REFERENCES public.appointment_requests(id) ON DELETE CASCADE;


--
-- Name: appointment_request_supplements appointment_request_supplements_request_id_fkey; Type: FK CONSTRAINT; Schema: public; Owner: -
--

ALTER TABLE ONLY public.appointment_request_supplements
    ADD CONSTRAINT appointment_request_supplements_request_id_fkey FOREIGN KEY (request_id) REFERENCES public.appointment_requests(id) ON DELETE CASCADE;


--
-- Name: appointment_request_supplements appointment_request_supplements_supplement_id_fkey; Type: FK CONSTRAINT; Schema: public; Owner: -
--

ALTER TABLE ONLY public.appointment_request_supplements
    ADD CONSTRAINT appointment_request_supplements_supplement_id_fkey FOREIGN KEY (supplement_id) REFERENCES public.supplements(id) ON DELETE RESTRICT;


--
-- Name: appointment_requests appointment_requests_service_id_fkey; Type: FK CONSTRAINT; Schema: public; Owner: -
--

ALTER TABLE ONLY public.appointment_requests
    ADD CONSTRAINT appointment_requests_service_id_fkey FOREIGN KEY (service_id) REFERENCES public.services(id) ON DELETE RESTRICT;


--
-- Name: appointments appointments_client_id_fkey; Type: FK CONSTRAINT; Schema: public; Owner: -
--

ALTER TABLE ONLY public.appointments
    ADD CONSTRAINT appointments_client_id_fkey FOREIGN KEY (client_id) REFERENCES public.clients(id) ON DELETE CASCADE;


--
-- Name: appointments appointments_coach_id_fkey; Type: FK CONSTRAINT; Schema: public; Owner: -
--

ALTER TABLE ONLY public.appointments
    ADD CONSTRAINT appointments_coach_id_fkey FOREIGN KEY (coach_id) REFERENCES public.coaches(id) ON DELETE RESTRICT;


--
-- Name: appointments appointments_service_id_fkey; Type: FK CONSTRAINT; Schema: public; Owner: -
--

ALTER TABLE ONLY public.appointments
    ADD CONSTRAINT appointments_service_id_fkey FOREIGN KEY (service_id) REFERENCES public.services(id) ON DELETE RESTRICT;


--
-- Name: coach_availability_exceptions coach_availability_exceptions_coach_id_fkey; Type: FK CONSTRAINT; Schema: public; Owner: -
--

ALTER TABLE ONLY public.coach_availability_exceptions
    ADD CONSTRAINT coach_availability_exceptions_coach_id_fkey FOREIGN KEY (coach_id) REFERENCES public.coaches(id) ON DELETE CASCADE;


--
-- Name: coach_availability_rules coach_availability_rules_coach_id_fkey; Type: FK CONSTRAINT; Schema: public; Owner: -
--

ALTER TABLE ONLY public.coach_availability_rules
    ADD CONSTRAINT coach_availability_rules_coach_id_fkey FOREIGN KEY (coach_id) REFERENCES public.coaches(id) ON DELETE CASCADE;


--
-- Name: coach_services coach_services_coach_id_fkey; Type: FK CONSTRAINT; Schema: public; Owner: -
--

ALTER TABLE ONLY public.coach_services
    ADD CONSTRAINT coach_services_coach_id_fkey FOREIGN KEY (coach_id) REFERENCES public.coaches(id) ON DELETE CASCADE;


--
-- Name: coach_services coach_services_service_id_fkey; Type: FK CONSTRAINT; Schema: public; Owner: -
--

ALTER TABLE ONLY public.coach_services
    ADD CONSTRAINT coach_services_service_id_fkey FOREIGN KEY (service_id) REFERENCES public.services(id) ON DELETE CASCADE;


--
-- Name: service_items service_items_service_id_fkey; Type: FK CONSTRAINT; Schema: public; Owner: -
--

ALTER TABLE ONLY public.service_items
    ADD CONSTRAINT service_items_service_id_fkey FOREIGN KEY (service_id) REFERENCES public.services(id) ON DELETE CASCADE;


--
-- Name: service_supplements service_supplements_service_id_fkey; Type: FK CONSTRAINT; Schema: public; Owner: -
--

ALTER TABLE ONLY public.service_supplements
    ADD CONSTRAINT service_supplements_service_id_fkey FOREIGN KEY (service_id) REFERENCES public.services(id) ON DELETE CASCADE;


--
-- Name: service_supplements service_supplements_supplement_id_fkey; Type: FK CONSTRAINT; Schema: public; Owner: -
--

ALTER TABLE ONLY public.service_supplements
    ADD CONSTRAINT service_supplements_supplement_id_fkey FOREIGN KEY (supplement_id) REFERENCES public.supplements(id) ON DELETE CASCADE;


--
-- PostgreSQL database dump complete
--

\unrestrict 1IpDmXYtso8PV45r7MdXFyZQfNtzUddquGGWIOa2LEXvCGr7rKaz5aLMz9RXybZ

